uid,strain,seq
0,ESL0825,TGTGGAGGGTTTGATTCTGGCTCAGGATGAACGCTGGCGGCGTGCTTAACACATGCAAGTCGAACGGGATCCGCCAAGCTTGCTTGGCGGTGAGAGTGGCGAACGGGTGAGTAATGCGTGACCAACCTGCCCCGTGCTTCGGAATAGCTCCTGGAAACGGGTGGTAATGCCGGATGCTCCGCATCATCGCATGATGGTGCGGGAAAGGGTTTACCGGCATGGGATGGGGTCGCGTCCTATCAGCTTGTTGGCGGGGTGATGGCCTGCCAAGGCTTCGACGGGTAGCCGGCCTGAGAGGGCGACCGGCCACATTGGGACTGAGATACGGCCCAGACTCCTACGGGAGGCAGCAGTGGGGAATATTGCACAATGGGCGAAAGCCTGATGCAGCGACGCCGCGTGCGGGATGACGGCCTTCGGGTTGTAAACCGCTTTTGATTGGGAGCAAGCGAGAGTGAGTGTACCTTTCGAATAAGCACCGGCTAACTACGTGCCAGCAGCCGCGGTAATACGTAGGGTGCAAGCGTTATCCGGATTTATTGGGCGTAAAGAGCTCGTAGGCGGTTCGTCGCGTCTGGTGTGAAAGTCCATCGCTTAACGGTGGATCGGCGCCGGGTACGGGCGGACTGGAGTGCGGTAGGGGAGACTGGAATTCCCGGTGTAACGGTGGAATGTGTAGATATCGGGAAGAACACCGATGGCGAAGGCAGGTCTCTGGGCCGTCACTGACGCTGAGGAGCGAAAGCGTGGGGAGCGAACAGGATTAGATACCCTGGTAGTCCACGCCGTAAACGGTGGATGCTGGATGTGGGGCCCGTTCCACGGGTTCCGTGTCGGAGCTAACGCGTTAAGCATCCCGCCTGGGGAGTACGGCCGCAAGGCTAAAACTCAAAGAAATTGACGGGGGCCCGCACAAGCGGCGGAGCATGCGGATTAATTCGATGCAACGCGAAGAACCTTACCTGGGCTTGACATGTGCCGGACGGCCGCGGAGACGCGGCTTCCCTTCGGGGCCGGTTCACAGGTGGTGCATGGTCGTCGTCAGCTCGTGTCGTGAGATGTTGGGTCAAGTCCCGCAACGAGCGCAACCCTCGCCTCGTGTTGCCAGCGGGTCATGCCGGGAACTCACGGGGGACCGCCGGGGTTAACCCGGAGGAAGGTGGGGATGACGTCAGATCATCATGCCCCTTACGTCCAGGGCTTCACGCATGCTACAATGGCCGGTACAACGGGATGCGACATGGCGACATGGAGCGGATCCCTGAAAACCGGTCTCAGTTCGGATCGGAGCCTGCAACCCGGCTCCGTGAAGGCGGAGTCGCTAGTAATCGCGGATCAGCAACGCCGCGGTGAATGCGTTCCCGGGCCTTGTACACACCGCCCGTCAAGTCATGAAAGTGGGCAGCACCCGAAGCCGGTGGCCCAACCCGTTTGGGGGGGAGCCGTCTAAGGTGAGGTCCGCGATTGGGACTAAGTCGTAACAAGGTAGCCGTACCGGAAGGTGCGGCTGGATCACCTCCTTT
1,ESL0825,TGTGGAGGGTTTGATTCTGGCTCAGGATGAACGCTGGCGGCGTGCTTAACACATGCAAGTCGAACGGGATCCGCCAAGCTTGCTTGGCGGTGAGAGTGGCGAACGGGTGAGTAATGCGTGACCAACCTGCCCCGTGCTTCGGAATAGCTCCTGGAAACGGGTGGTAATGCCGGATGCTCCGCATCATCGCATGATGGTGCGGGAAAGGGTTTACCGGCATGGGATGGGGTCGCGTCCTATCAGCTTGTTGGCGGGGTGATGGCCTGCCAAGGCTTCGACGGGTAGCCGGCCTGAGAGGGCGACCGGCCACATTGGGACTGAGATACGGCCCAGACTCCTACGGGAGGCAGCAGTGGGGAATATTGCACAATGGGCGAAAGCCTGATGCAGCGACGCCGCGTGCGGGATGACGGCCTTCGGGTTGTAAACCGCTTTTGATTGGGAGCAAGCGAGAGTGAGTGTACCTTTCGAATAAGCACCGGCTAACTACGTGCCAGCAGCCGCGGTAATACGTAGGGTGCAAGCGTTATCCGGATTTATTGGGCGTAAAGAGCTCGTAGGCGGTTCGTCGCGTCTGGTGTGAAAGTCCATCGCTTAACGGTGGATCGGCGCCGGGTACGGGCGGACTGGAGTGCGGTAGGGGAGACTGGAATTCCCGGTGTAACGGTGGAATGTGTAGATATCGGGAAGAACACCGATGGCGAAGGCAGGTCTCTGGGCCGTCACTGACGCTGAGGAGCGAAAGCGTGGGGAGCGAACAGGATTAGATACCCTGGTAGTCCACGCCGTAAACGGTGGATGCTGGATGTGGGGCCCGTTCCACGGGTTCCGTGTCGGAGCTAACGCGTTAAGCATCCCGCCTGGGGAGTACGGCCGCAAGGCTAAAACTCAAAGAAATTGACGGGGGCCCGCACAAGCGGCGGAGCATGCGGATTAATTCGATGCAACGCGAAGAACCTTACCTGGGCTTGACATGTGCCGGACGGCCGCGGAGACGCGGCTTCCCTTCGGGGCCGGTTCACAGGTGGTGCATGGTCGTCGTCAGCTCGTGTCGTGAGATGTTGGGTCAAGTCCCGCAACGAGCGCAACCCTCGCCTCGTGTTGCCAGCGGGTCATGCCGGGAACTCACGGGGGACCGCCGGGGTTAACCCGGAGGAAGGTGGGGATGACGTCAGATCATCATGCCCCTTACGTCCAGGGCTTCACGCATGCTACAATGGCCGGTACAACGGGATGCGACATGGCGACATGGAGCGGATCCCTGAAAACCGGTCTCAGTTCGGATCGGAGCCTGCAACCCGGCTCCGTGAAGGCGGAGTCGCTAGTAATCGCGGATCAGCAACGCCGCGGTGAATGCGTTCCCGGGCCTTGTACACACCGCCCGTCAAGTCATGAAAGTGGGCAGCACCCGAAGCCGGTGGCCCAACCCGTTTGGGGGGGAGCCGTCTAAGGTGAGGTCGCGATTGGGACTAAGTCGTAACAAGGTAGCCGTACCGGAAGGTGCGGCTGGATCACCTCCTTT
2,ESL0820,TGTGGAGGGTTTGATTCTGGCTCAGGATGAACGCTGGCGGCGTGCTTAACACATGCAAGTCGAACGGGATCCGCCAAGCTTGCTTGGCGGTGAGAGTGGCGAACGGGTGAGTAATGCGTGACCAACCTGCCCTATGCTTCGGAATAGCTCCTGGAAACGGGTGGTAATGCCGGATGCTCCGCGCTGTCGCATGATGGTGCGGGAAAGGGTTTACCGGCATGGGATGGGGTCGCGTCCTATCAGCTTGTTGGCGGGGTGATGGCCTGCCAAGGCTTCGACGGGTAGCCGGCCTGAGAGGGCGACCGGCCACATTGGGACTGAGATACGGCCCAGACTCCTACGGGAGGCAGCAGTGGGGAATATTGCACAATGGGCGAAAGCCTGATGCAGCGACGCCGCGTGCGGGATGACGGCCTTCGGGTTGTAAACCGCTTTTGATTGGGAGCAAGCGAGAGTGAGTGTACCTTTCGAATAAGCACCGGCTAACTACGTGCCAGCAGCCGCGGTAATACGTAGGGTGCAAGCGTTATCCGGATTTATTGGGCGTAAAGAGCTCGTAGGCGGTTCGTCGCGTCTGGTGTGAAAGTCCATCGCTTAACGGTGGATCGGCGCCGGGTACGGGCGGACTGGAGTGCGGTAGGGGAGACTGGAATTCCCGGTGTAACGGTGGAATGTGTAGATATCGGGAAGAACACCGATGGCGAAGGCAGGTCTCTGGGCCGTCACTGACGCTGAGGAGCGAAAGCGTGGGGAGCGAACAGGATTAGATACCCTGGTAGTCCACGCCGTAAACGGTGGATGCTGGATGTGGGGCCCGTTCCACGGGTTCCGTGTCGGAGCTAACGCGTTAAGCATCCCGCCTGGGGAGTACGGCCGCAAGGCTAAAACTCAAAGAAATTGACGGGGGCCCGCACAAGCGGCGGAGCATGCGGATTAATTCGATGCAACGCGAAGAACCTTACCTGGGCTTGACATGTGCCGGACGGCCGCGGAGACGCGGCTTCCCTTCGGGGCCGGTTCACAGGTGGTGCATGGTCGTCGTCAGCTCGTGTCGTGAGATGTTGGGTCAAGTCCCGCAACGAGCGCAACCCTCGCCTCGTGTTGCCAGCACGTTATGGTGGGAACTCACGGGGGACCGCCGGGGTTAACCCGGAGGAAGCGTGGGGATGACGTCAGATCATCATGCCCCTTACGTCCAGGGCTTCACGCATGCTACAATGGCCGGTACAACGGGATGCGACATGGTGACATGGAGCGGATCCCTGAAAACCGGTCTCAGTTCGGATCGGAGCCTGCAACCCGGCTCCGTGAAGGCGGAGTCGCTAGTAATCGCGGATCAGCAACGCCGCGGTGAATGCGTTCCCGGGCCTTGTACACACCGCCCGTCAAGTCATGAAAGTGGGCAGCACCCGAAGCCGGTGGCCCAACCCGTTTGGGGGGGAGCCGTCTAAGGTGAGGTCCGCGATTGGGACTAAGTCGTAACAAGGTAGCCGTACCGGAAGGTGCGGCTGGATCACCTCCTTT
3,ESL0820,TGTGGAGGGTTTGATTCTGGCTCAGGATGAACGCTGGCGGCGTGCTTAACACATGCAAGTCGAACGGGATCCGCCAAGCTTGCTTGGCGGTGAGAGTGGCGAACGGGTGAGTAATGCGTGACCAACCTGCCCTATGCTTCGGAATAGCTCCTGGAAACGGGTGGTAATGCCGGATGCTCCGCGCTGTCGCATGATGGTGCGGGAAAGGGTTTACCGGCATGGGATGGGGTCGCGTCCTATCAGCTTGTTGGCGGGGTGATGGCCTGCCAAGGCTTCGACGGGTAGCCGGCCTGAGAGGGCGACCGGCCACATTGGGACTGAGATACGGCCCAGACTCCTACGGGAGGCAGCAGTGGGGAATATTGCACAATGGGCGAAAGCCTGATGCAGCGACGCCGCGTGCGGGATGACGGCCTTCGGGTTGTAAACCGCTTTTGATTGGGAGCAAGCGAGAGTGAGTGTACCTTTCGAATAAGCACCGGCTAACTACGTGCCAGCAGCCGCGGTAATACGTAGGGTGCAAGCGTTATCCGGATTTATTGGGCGTAAAGAGCTCGTAGGCGGTTCGTCGCGTCTGGTGTGAAAGTCCATCGCTTAACGGTGGATCGGCGCCGGGTACGGGCGGACTGGAGTGCGGTAGGGGAGACTGGAATTCCCGGTGTAACGGGGAATGTGTAGATATCGGGAAGAACACCGATGGCGAAGGCAGGTCTCTGGGCCGTCACTGACGCTGAGGAGCGAAAGCGTGGGGAGCGAACAGGATTAGATACCCTGGTAGTCCACGCCGTAAACGGTGGATGCTGGATGTGGGGCCCGTTCCACGGGTTCCGTGTCGGAGCTAACGCGTTAAGCATCCCGCCTGGGGAGTACGGCCGCAAGGCTAAAACTCAAAGAAATTGACGGGGGCCCGCACAAGCGGCGGAGCATGCGGATTAATTCGATGCAACGCGAAGAACCTTACCTGGGCTTGACATGTGCCGGACGGCCGCGGAGACGCGGCTTCCCTTCGGGGCCGGTTCACAGGTGGTGCATGGTCGTCGTCAGCTCGTGTCGTGAGATGTTGGGTCAAGTCCCGCAACGAGCGCAACCCTCGCCTCGTGTTGCCAGCACGTTATGGTGGGAACTCACGGGGGACCGCCGGGGTTAACCCGGAGGAAGGTGGGGATGACGTCAGATCATCATGCCCCTTACGTCCAGGGCTTCACGCATGCTACAATGGCCGGTACAACGGGATGCGACATGGTGACATGGAGCGGATCCCTGAAAACCGGTCTCAGTTCGGATCGGAGCCTGCAACCCGGCTCCGTGAAGGCGGAGTCGCTAGTAATCGCGGATCAGCAACGCCGCGGTGAATGCGTTCCCGGGCCTTGTACACACCGCCCGTCAAGTCATGAAAGTGGGCAGCACCCGAAGCCGGTGGCCCAACCCGTTTGGGGGGGAGCCGTCTAAGGTGAGGTCCGCGATTGGGACTAAGTCGTAACAAGGTAGCCGTACCGGAAGGTGCGGCTGGATCACCTCCTTT
4,ESL0822,TGTGGAGGGTTTGATTCTGGCTCAGGATGAACGCTGGCGGCGTGCTTAACACATGCAAGTCGAACGGGATCCGCCAAGCTTGCTTGGTGGTGAGAGTGGCGAACGGGTGAGTAATGCGTGACCAACCTGCCCCATGCTTCGGAATAGCTCCTGGAAACGGGTGGTAATGCCGGATGCTCCGCACCGTCGCATGATGGTGTGGGAAAGGGTTTACCGGCATGGGATGGGGTCGCGTCCTATCAGCTTGTTGGCGGGGTGATGGCCTGCCAAGGCTTCGACGGGTAGCCGGCCTGAGAGGGCGACCGGCCACATTGGGACTGAGATACGGCCCAGACTCCTACGGGAGGCAGCAGTGGGGAATATTGCACAATGGGCGAAAGCCTGATGCAGCGACGCCGCGTGCGGGATGACGGCCTTCGGGTTGTAAACCGCTTTTGATTGGGAGCAAGCGAGAGTGAGTGTACCTTTCGAATAAGCACCGGCTAACTACGTGCCAGCAGCCGCGGTAATACGTAGGGTGCAAGCGTTATCCGGATTTATTGGGCGTAAAGGGCTCGTAGGCGGTTCGTCGCGTCTGGTGTGAAAGTCCATCGCTTAACGGTGGATCGGCGCCGGGTACGGGCGGACTGGAGTGCGGTAGGGGAGACTGGAATTCCCGGTGTAACGGTGGAATGTGTAGATATCGGGAAGAACACCGATGGCGAAGGCAGGTCTCTGGGCCGTCACTGACGCTGAGGAGCGAAAGCGTGGGGAGCGAACAGGATTAGATACCCTGGTAGTCCACGCCGTAAACGGTGGATGCTGGATGTGGGGCCCGTTCCACGGGTTCCGTGTCGGAGCTAACGCGTTAAGCATCCCGCCTGGGGAGTACGGCCGCAAGGCTAAAACTCAAAGAAATTGACGGGGGCCCGCACAAGCGGCGGAGCATGCGGATTAATTCGATGCAACGCGAAGAACCTTACCTGGGCTTGACATGTGCCGGACGGCCGCGGAGACGCGGCTTCCCTTCGGGGCCGGTTCACAGGTGGTGCATGGTCGTCGTCAGCTCGTGTCGTGAGATGTTGGGTCAAGTCCCGCAACGAGCGCAACCCTCGCCTCGTGTTGCCAGCACGTTATGGTGGGAACTCACGGGGGACCGCCGGGGTTAACCCGGAGGAAGGTGGGGATGACGTCAGATCATCATGCCCCTTACGTCCAGGGCTTCACGCATGCTACAATGGCCGGTACAACGGGATGCGACATGGTGACATGGAGCGGATCCCTGAAAACCGGTCTCAGTTCGGATCGGAGCCTGCAACCCGGCTCCGTGAAGGCGGAGTCGCTAGTAATCGCGGATCAGCAACGCCGCGGTGAATGCGTTCCCGGGCCTTGTACACACCGCCCGTCAAGTCATGAAAGTGGGCAGCACCCGAAGCCGGTGGCCCAACCCGCAAGGGGGGGAGCCGTCTAAGGTGAGGTCCGCGATTGGGACTAAGTCGTAACAAGGTAGCCGTACCGGAAGGTGCGGCTGGATCACCTCCTTT
5,ESL0170,TGTGGAGGGTTTGATTCTGGCTCAGGATGAACGCTGGCGGCGTGCTTAACACATGCAAGTCGAACGGGATCCGCCAAGCTTGCTTGGTGGTGAGAGTGGCGAACGGGTGAGTAATGCGTGACCAACCTGCCCCATGCTTCGGAATAGCTCCTGGAAACGGGTGGTAATGCCGGATGCTCCGCATCATCGCATGATGGTGTGGGAAAGGGTTTACCGGCATGGGATGGGGTCGCGTCCTATCAGCTTGTTGGCGGGGTGATGGCCTGCCAAGGCTTCGACGGGTAGCCGGCCTGAGAGGGCGACCGGCCACATTGGGACTGAGATACGGCCCAGACTCCTACGGGAGGCAGCAGTGGGGAATATTGCACAATGGGCGAAAGCCTGATGCAGCGACGCCGCGTGCGGGATGACGGCCTTCGGGTTGTAAACCGCTTTTGATTGGGAGCAAGCGAGAGTGAGTGTACCTTTCGAATAAGCACCGGCTAACTACGTGCCAGCAGCCGCGGTAATACGTAGGGTGCAAGCGTTATCCGGATTTATTGGGCGTAAAGGGCTCGTAGGCGGTTCGTCGCGTCTGGTGTGAAAGTCCATCGCTTAACGGTGGATCGGCGCCGGGTACGGGCGGACTGGAGTGCGGTAGGGGAGACTGGAATTCCCGGTGTAACGGTGGAATGTGTAGATATCGGGAAGAACACCGATGGCGAAGGCAGGTCTCTGGGCCGTCACTGACGCTGAGGAGCGAAAGCGTGGGGAGCGAACAGGATTAGATACCCTGGTAGTCCACGCCGTAAACGGTGGATGCTGGATGTGGGGCCCGTTCCACGGGTTCCGTGTCGGAGCTAACGCGTTAAGCATCCCGCCTGGGGAGTACGGCCGCAAGGCTAAAACTCAAAGAAATTGACGGGGGCCCGCACAAGCGGCGGAGCATGCGGATTAATTCGATGCAACGCGAAGAACCTTACCTGGGCTTGACATGTGCCGGACGGCCGCGGAGACGCGGCTTCCCTTCGGGGCCGGTTCACAGGTGGTGCATGGTCGTCGTCAGCTCGTGTCGTGAGATGTTGGGTCAAGTCCCGCAACGAGCGCAACCCTCGCCTCGTGTTGCCAGCACGTTATGGTGGGAACTCACGGGGGACCGCCGGGGTTAACCCGGAGGAAGGTGGGGATGACGTCAGATCATCATGCCCCTTACGTCCAGGGCTTCACGCATGCTACAATGGCCGGTACAACGGGATGCGACATGGTGACATGGAGCGGATCCCTGAAAACCGGTCTCAGTTCGGATCGGAGCCTGCAACCCGGCTCCGTGAAGGCGGAGTCGCTAGTAATCGCGGATCAGCAACGCCGCGGTGAATGCGTTCCCGGGCCTTGTACACACCGCCCGTCAAGTCATGAAAGTGGGCAGCACCCGAAGCCGGTGGCCCAACCCGCAAGGGGGGGAGCCGTCTAAGGTGAGGTCCGCGATTGGGACTAAGTCGTAACAAGGTAGCCGTACCGGAAGGTGCGGCTGGATCACCTCCTTT
6,ESL0824,TGTGGAGGGTTTGATTCTGGCTCAGGATGAACGCTGGCGGCGTGCTTAACACATGCAAGTCGAACGGGATCCGCCAAGCTTGCTTGGTGGTGAGAGTGGCGAACGGGTGAGTAATGCGTGACCAACCTGCCCCATGCTTCGGAATAGCTCCTGGAAACGGGTGGTAATGCCGGATGCTCCGCATCATCGCATGATGGTGTGGGAAAGGGTTTACCGGCATGGGATGGGGTCGCGTCCTATCAGCTTGTTGGCGGGGTGATGGCCTGCCAAGGCTTCGACGGGTAGCCGGCCTGAGAGGGCGACCGGCCACATTGGGACTGAGATACGGCCCAGACTCCTACGGGAGGCAGCAGTGGGGAATATTGCACAATGGGCGCAAGCCTGATGCAGCGACGCCGCGTGCGGGATGACGGCCTTCGGGTTGTAAACCGCTTTTGATTGGGAGCAAGCGAGAGTGAGTGTACCTTTCGAATAAGCACCGGCTAACTACGTGCCAGCAGCCGCGGTAATACGTAGGGTGCAAGCGTTATCCGGATTTATTGGGCGTAAAGAGCTCGTAGGCGGTTCGTCGCGTCTGGTGTGAAAGTCCATCGCTTAACGGTGGATCGGCGCCGGGTACGGGCGGACTGGAGTGCGGTAGGGGAGACTGGAATTCCCGGTGTAACGGTGGAATGTGTAGATATCGGGAAGAACACCGATGGCGAAGGCAGGTCTCTGGGCCGTCACTGACGCTGAGGAGCGAAAGCGTGGGGAGCGAACAGGATTAGATACCCTGGTAGTCCACGCCGTAAACGGTGGATGCTGGATGTGGGGCCCGTTCCACGGGTTCCGTGTCGGAGCTAACGCGTTAAGCATCCCGCCTGGGGAGTACGGCCGCAAGGCTAAAACTCAAAGAAATTGACGGGGGCCCGCACAAGCGGCGGAGCATGCGGATTAATTCGATGCAACGCGAAGAACCTTACCTGGGCTTGACATGTGCCGGACGGCCGCGGAGACGCGGCTTCCCTTCGGGGCCGGTTCACAGGTGGTGCATGGTCGTCGTCAGCTCGTGTCGTGAGATGTTGGGTCAAGTCCCGCAACGAGCGCAACCCTCGCCTCGTGTTGCCAGCACGTTATGGTGGGAACTCACGGGGGACCGCCGGGGTTAACCCGGAGGAAGGTGGGGATGACGTCAGATCATCATGCCCCTTACGTCCAGGGCTTCACGCATGCTACAATGGCCGGTACAACGGGATGCGACATGGTGACATGGAGCGGATCCCTGAAAACCGGTCTCAGTTCGGATCGGAGCCTGCAACCCGGCTCCGTGAAGGCGGAGTCGCTAGTAATCGCGGATCAGCAACGCCGCGGTGAATGCGTTCCCGGGCCTTGTACACACCGCCCGTCAAGTCATGAAAGTGGGCAGCACCCGAAGCCGGTGGCCCAACCCGTTTGGGGGGGAGCCGTCTAAGGTGAGGTCCGCGATTGGGACTAAGTCGTAACAAGGTAGCCGTACCGGAAGGTGCGGCTGGATCACCTCCTTT
7,ESL0824,TGTGGAGGGTTTGATTCTGGCTCAGGATGAACGCTGGCGGCGTGCTTAACACATGCAAGTCGAACGGGATCCGCCAAGCTTGCTTGGTGGTGAGAGTGGCGAACGGGTGAGTAATGCGTGACCAACCTGCCCCATGCTTCGGAATAGCTCCTGGAAACGGGTGGTAATGCCGGATGCTCCGCATCATCGCATGATGGTGTGGGAAAGGGTTTACCGGCATGGGATGGGGTCGCGTCCTATCAGCTTGTTGGCGGGGTGATGGCCTGCCAAGGCTTCGACGGGTAGCCGGCGCCTGAGAGGGCGACCGGCCACATTGGGACTGAGATACGGCCCAGACTCCTACGGGAGGCAGCAGTGGGGAATATTGCACAATGGGCGCAAGCCTGATGCAGCGACGCCGCGTGCGGGATGACGGCCTTCGGGTTGTAAACCGCTTTTGATTGGGAGCAAGCGAGAGTGAGTGTACCTTTCGAATAAGCACCGGCTAACTACGTGCCAGCAGCCGCGGTAATACGTAGGGTGCAAGCGTTATCCGGATTTATTGGGCGTAAAGAGCCTCGTAGGCGGTTCGTCGCGTCTGGTGTGAAAGTCCATCGCTTAACGGTGGATCGGCGCCGGGTACGGGCGGACTGGAGTGCGGTAGGGGAGACTGGAATTCCCGGTGTAACGGTGGAATGTGTAGATATCGGGAAGAACACCGATGGCGAAGGCAGGTCTCTGGGCCGTCACTGACGCTGAGGAGCGAAAGCGTGGGGAGCGAACAGGATTAGATACCCTGGTAGTCCACGCCGTAAACGGTGGATGCTGGATGTGGGGCCCGTTCCACGGGTTCCGTGTCGGAGCTAACGCGTTAAGCATCCCGCCTGGGGAGTACGGCCGCAAGGCTAAAACTCAAAGAAATTGACGGGGGCCCGCACAAGCGGCGGAGCATGCGGATTAATTCGATGCAACGCGAAGAACCTTACCTGGGCTTGACATGTGCCGGACGGCCGCGGAGACGCGGCTTCCCTTCGGGGCCGGTTCACAGGTGGTGCATGGTCGTCGTCAGCTCGTGTCGTGAGATGTTGGGTCAAGTCCCGCAACGAGCGCAACCCTCGCCTCGTGTTGCCAGCACGTTATGGTGGGAACTCACGGGGGACCGCCGGGGTTAACCCGGAGGAAGGTGGGGATGACGTCAGATCATCATGCCCCTTACGTCCAGGGCTTCACGCATGCTACAATGGCCGGTACAACGGGATGCGACATGGTGACATGGAGCGGATCCCTGAAAACCGGTCTCAGTTCGGATCGGAGCCTGCAACCCGGCTCCGTGAAGGCGGAGTCGCTAGTAATCGCGGATCAGCAACGCCGCGGTGAATGCGTTCCCGGGCCTTGTACACACCGCCCGTCAAGTCATGAAAGTGGGCAGCACCCGAAGCCGGTGGCCCAACCCGTTTGGGGGGGAGCCGTCTAAGGTGAGGTCCGCGATTGGGACTAAGTCGTAACAAGGTAGCCGTACCGGAAGGTGCGGCTGGATCACCTCCTTT
8,ESL0198,TGTGGAGGGTTTGATTCTGGCTCAGGATGAACGCTGGCGGCGTGCTTAACACATGCAAGTCGAACGGGATCCGCCAAGCTTGCTTGGTGGTGAGAGTGGCGAACGGGTGAGTAATGCGTGACCAACCTGCCCCATGCTTCGGAATAGCTCCTGGAAACGGGTGGTAATGCCGGATGCTCCGCATCATCGCATGATGGTGTGGGAAAGGGTTTACCGGCATGGGATGGGGTCGCGTCCTATCAGCTTGTTGGCGGGGTGATGGCCTGCCAAGGCTTCGACGGGTAGCCGGCCTGAGAGGGCGACCGGCCACATTGGGACTGAGATACGGCCCAGACTCCTACGGGAGGCAGCAGTGGGGAATATTGCACAATGGGCGCAAGCCTGATGCAGCGACGCCGCGTGCGGGATGACGGCCTTCGGGTTGTAAACCGCTTTTGATTGGGAGCAAGCGAGAGTGAGTGTACCTTTCGAATAAGCACCGGCTAACTACGTGCCAGCAGCCGCGGTAATACGTAGGGTGCAAGCGTTATCCGGATTTATTGGGCGTAAAGAGCTCGTAGGCGGTTCGTCGCGTCTGGTGTGAAAGTCCATCGCTTAACGGTGGATCGGCGCCGGGTACGGGCGGACTGGAGTGCGGTAGGGGAGACTGGAATTCCCGGTGTAACGGTGGAATGTGTAGATATCGGGAAGAACACCGATGGCGAAGGCAGGTCTCTGGGCCGTCACTGACGCTGAGGAGCGAAAGCGTGGGGAGCGAACAGGATTAGATACCCTGGTAGTCCACGCCGTAAACGGTGGATGCTGGATGTGGGGCCCGTTCCACGGGTTCCGTGTCGGAGCTAACGCGTTAAGCATCCCGCCTGGGGAGTACGGCCGCAAGGCTAAAACTCAAAGAAATTGACGGGGGCCCGCACAAGCGGCGGAGCATGCGGATTAATTCGATGCAACGCGAAGAACCTTACCTGGGCTTGACATGTGCCGGACGGCCGCGGAGACGCGGCTTCCCTTCGGGGCCGGTTCACAGGTGGTGCATGGTCGTCGTCAGCTCGTGTCGTGAGATGTTGGGTCAAGTCCCGCAACGAGCGCAACCCTCGCCTCGTGTTGCCAGCGGGTCATGCCGGGAACTCACGGGGGACCGCCGGGGTTAACCCGGAGGAAGGTGGGGATGACGTCAGATCATCATGCCCCTTACGTCCAGGGCTTCACGCATGCTACAATGGCCGGTACAACGGGATGCGACATGGTGACATGGAGCGGATCCCTGAAAACCGGTCTCAGTTCGGATCGGAGCCTGCAACCCGGCTCCGTGAAGGCGGAGTCGCTAGTAATCGCGGATCAGCAACGCCGCGGTGAATGCGTTCCCGGGCCTTGTACACACCGCCCGTCAAGTCATGAAAGTGGGCAGCACCCGAAGCCGGTGGCCCAACCCGTTTGGGGGGGAGCCGTCTAAGGTGAGGTCCGCGATTGGGACTAAGTCGTAACAAGGTAGCCGTACCGGAAGGTGCGGCTGGATCACCTCCTTT
9,ESL0198,TGTGGAGGGTTTGATTCTGGCTCAGGATGAACGCTGGCGGCGTGCTTAACACATGCAAGTCGAACGGGATCCGCCAAGCTTGCTTGGTGGTGAGAGTGGCGAACGGGTGAGTAATGCGTGACCAACCTGCCCCATGCTTCGGAATAGCTCCTGGAAACGGGTGGTAATGCCGGATGCTCCGCATCATCGCATGATGGTGTGGGAAAGGGTTTACCGGCATGGGATGGGGTCGCGTCCTATCAGCTTGTTGGCGGGGTGATGGCCTGCCAAGGCTTCGACGGGTAGCCGGCCTGAGAGGGCGACCGGCCACATTGGGACTGAGATACGGCCCAGACTCCTACGGGAGGCAGCAGTGGGGAATATTGCACAATGGGCGCAAGCCTGATGCAGCGACGCCGCGTGCGGGATGACGGCCTTCGGGTTGTAAACCGCTTTTGATTGGGAGCAAGCGAGAGTGAGTGTACCTTTCGAATAAGCACCGGCTAACTACGTGCCAGCAGCCGCGGTAATACGTAGGGTGCAAGCGTTATCCGGATTTATTGGGCGTAAAGAGCTCGTAGGCGGTTCGTCGCGTCTGGTGTGAAAGTCCATCGCTTAACGGTGGATCGGCGCCGGGTACGGGCGGACTGGAGTGCGGTAGGGGAGACTGGAATTCCCGGTGTAACGGTGGAATGTGTAGATATCGGGAAGAACACCGATGGCGAAGGCAGGTCTCTGGGCCGTCACTGACGCTGAGGAGCGAAAGCGTGGGGAGCGAACAGGATTAGATACCCTGGTAGTCCACGCCGTAAACGGTGGATGCTGGATGTGGGGCCCGTTCCACGGGTTCCGTGTCGGAGCTAACGCGTTAAGCATCCCGCCTGGGGAGTACGGCCGCAAGGCTAAAACTCAAAGAAATTGACGGGGGCCCGCACAAGCGGCGGAGCATGCGGATTAATTCGATGCAACGCGAAGAACCTTACCTGGGCTTGACATGTGCCGGACGGCCGCGGAGACGCGGCTTCCCTTCGGGGCCGGTTCACAGGTGGTGCATGGTCGTCGTCAGCTCGTGTCGTGAGATGTTGGGTCAAGTCCCGCAACGAGCGCAACCCTCGCCTCGTGTTGCCAGCGGGTCATGCCGGGAACTCACGGGGGACCGCCGGGGTTAACCCGGAGGAAGGTGGGGATGACGTCAGATCATCATGCCCCTTACGTCCAGGGCTTCACGCATGCTACAATGGCCGGTACAACGGGATGCGACATGGTGACATGGAGCGGATCCCTGAAAACCGGTCTCAGTTCGGATCGGAGCCTGCAACCCGGCTCCGTGAAGGCGGAGTCGCTAGTAATCGCGGATCAGCAACGCCGCGGTGAATGCGTTCCCGGGCCTTGTACACACCGCCCGTCAAGTCATGAAAGTGGGCAGCACCCGAAGCCGGTGGCCCAACCCGTTTGGGGGGGGAGCCGTCTAAGGTGAGGTCCGCGATTGGGACTAAGTCGTAACAAGGTAGCCGTACCGGAAGGTGCGGCTGGATCACCTCCTTT
10,ESL0827,TGTGGAGGGTTTGATTCTGGCTCAGGATGAACGCTGGCGGCGTGCTTAACACATGCAAGTCGAACGGGATCCAGGCAGCTTGCTGTCTGGTGAGAGTGGCGAACGGGTGAGTAATGCGTGACCAACCTGCCCCATGCCTCGGAATAGCTCCTGGAAACGGGTGGTAATGCCGGATGCTCCGCATCATCGCATGATGGTGTGGGAAAGGGTTTACCGGCATGGGATGGGGTCGCGTCCTATCAGCTTGTTGGCGGGGTGATGGCCTGCCAAGGCTTCGACGGGTAGCCGGCCTGAGAGGGCGACCGGCCACATTGGGACTGAGATACGGCCCAGACTCCTACGGGAGGCAGCAGTGGGGAATATTGCACAATGGGCGCAAGCCTGATGCAGCGACGCCGCGTGCGGGATGACGGCCTTCGGGTTGTAAACCGCTTTTGATTGGGAGCAAGCGAGAGTGAGTGTACCTTTCGAATAAGCACCGGCTAACTACGTGCCAGCAGCCGCGGTAATACGTAGGGTGCAAGCGTTATCCGGATTTATTGGGCGTAAAGAGCTCGTAGGCGGTTCGTCGCGTCTGGTGTGAAAGTCCATCGCTTAACGGTGGATCGGCGCCGGGTACGGGCGGACTGGAGTGCGGTAGGGGAGACTGGAATTCCCGGTGTAACGGTGGAATGTGTAGATATCGGGAAGAACACCGATGGCGAAGGCAGGTCTCTGGGCCGTCACTGACGCTGAGGAGCGAAAGCGTGGGGAGCGAACAGGATTAGATACCCTGGTAGTCCACGCCGTAAACGGTGGATGCTGGATGTGGGGCCCGTTCCACGGGTTCCGTGTCGGAGCTAACGCGTTAAGCATCCCGCCTGGGGAGTACGGCCGCAAGGCTAAAACTCAAAGAAATTGACGGGGGCCCGCACAAGCGGCGGAGCATGCGGATTAATTCGATGCAACGCGAAGAACCTTACCTGGGCTTGACATGTGCCGGACGGCCGCGGAGACGTGGCTTCCCTTCGGGGCCGGTTCACAGGTGGTGCATGGTCGTCGTCAGCTCGTGTCGTGAGATGTTGGGTCAAGTCCCGCAACGAGCGCAACCCTCGCCTCGTGTTGCCAGCACGTTATGGTGGGAACTCACGGGGGACCGCCGGGGTTAACCCGGAGGAAGGTGGGGATGACGTCAGATCATCATGCCCCTTACGTCCAGGGCTTCACGCATGCTACAATGGCCGGTACAGCGGGATGCGACATGGTGACATGGAGCGGATCCCTGAAAACCGGTCTCAGTTCGGATCGGAGCCTGCAACCCGGCTCCGTGAAGGCGGAGTCGCTAGTAATCGCGGATCAGCAACGCCGCGGTGAATGCGTTCCCGGGCCTTGTACACACCGCCCGTCAAGTCATGAAAGTGGGCAGCACCCGAAGCCGGTGGCCCAACCCGCGAGGGGGGGAGCCGTCTAAGGTGAGGTCCGCGATTGGGACTAAGTCGTAACAAGGTAGCCGTACCGGAAGGTGCGGCTGGATCACCTCCTTT
11,ESL0827,TGTGGAGGGTTTGATTCTGGCTCAGGATGAACGCTGGCGGCGTGCTTAACACATGCAAGTCGAACGGGATCCAGGCAGCTTGCTGTCTGGTGAGAGTGGCGAACGGGTGAGTAATGCGTGACCAACCTGCCCCATGCTTCGGAATAGCTCCTGGAAACGGGTGGTAATGCCGGATGCTCCGCATCATCGCATGATGGTGTGGGAAAGGGTTTACCGGCATGGGATGGGGTCGCGTCCTATCAGCTTGTTGGCGGGGTGATGGCCTGCCAAGGCTTCGACGGGTAGCCGGCCTGAGAGGGCGACCGGCCACATTGGGACTGAGATACGGCCCAGACTCCTACGGGAGGCAGCAGTGGGGAATATTGCACAATGGGCGCAAGCCTGATGCAGCGACGCCGCGTGCGGGATGACGGCCTTCGGGTTGTAAACCGCTTTTGATTGGGAGCAAGCGAGAGTGAGTGTACCTTTCGAATAAGCACCGGCTAACTACGTGCCAGCAGCCGCGGTAATACGTAGGGTGCAAGCGTTATCCGGATTTATTGGGCGTAAAGAGCTCGTAGGCGGTTCGTCGCGTCTGGTGTGAAAGTCCATCGCTTAACGGTGGATCGGCGCCGGGTACGGGCGGACTGGAGTGCGGTAGGGGAGACTGGAATTCCCGGTGTAACGGTGGAATGTGTAGATATCGGGAAGAACACCGATGGCGAAGGCAGGTCTCTGGGCCGTCACTGACGCTGAGGAGCGAAAGCGTGGGGAGCGAACAGGATTAGATACCCTGGTAGTCCACGCCGTAAAACGGTGGATGCTGGATGTGGGGCCCGTTCCACGGGTTCCGTGTCGGAGCTAACGCGTTAAGCATCCCGCCTGGGGAGTACGGCCGCAAGGCTAAAACTCAAAGAAATTGACGGGGGCCCGCACAAGCGGCGGAGCATGCGGATTAATTCGATGCAACGCGAAGAACCTTACCTGGGCTTGACATGTGCCGGACGGCCGCGGAGACGTGGCTTCCCTTCGGGGCCGGTTCACAGGTGGTGCATGGTCGTCGTCAGCTCGTGTCGTGAGATGTTGGGTCAAGTCCCGCAACGAGCGCAACCCTCGCCTCGTGTTGCCAGCACGTTATGGTGGGAACTCACGGGGGACCGCCGGGGTTAACCCGGAGGAAGGTGGGGATGACGTCAGATCATCATGCCCCTTACGTCCAGGGCTTCACGCATGCTACAATGGCCGGTACAGCGGGATGCGACATGGTGACATGGAGCGGATCCCTGAAAACCGGTCTCAGTTCGGATCGGAGCCTGCAACCCGGCTCCGTGAAGGCGGAGTCGCTAGTAATCGCGGATCAGCAACGCCGCGGTGAATGCGTTCCCGGGCCTTGTACACACCGCCCGTCAAGTCATGAAAGTGGGCAGCACCCGAAGCCGGTGGCCCAACCCGCGAGGGGGGGAGCCGTCTAAGGTGAGGTCCGCGATTGGGACTAAGTCGTAACAAGGTAGCCGTACCGGAAGGTGCGGCTGGATCACCTCCTTT
12,ESL0199,TGTGGAGGGTTTGATTCTGGCTCAGGATGAACGCTGGCGGCGTGCTTAACACATGCAAGTCGAACGGGATCCGGGCAGCTTGCTGCCTGGTGAGAGTGGCGAACGGGTGAGTAATGCGTGACCAACCTGCCCCATGCTTCGGAATAGCTCCTGGAAACGGGTGGTAATGCCGGATGCTCCGCACCGTCGCATGATGGTGTGGGAAAGGGTTTACCGGCATGGGATGGGGTCGCGTCCTATCAGCTTGTTGGCGGGGTGATGGCCTGCCAAGGCTTCGACGGGTAGCCGGCCTGAGAGGGCGACCGGCCACATTGGGACTGAGATACGGCCCAGACTCCTACGGGAGGCAGCAGTGGGGAATATTGCACAATGGGCGCAAGCCTGATGCAGCGACGCCGCGTGCGGGATGACGGCCTTCGGGTTGTAAACCGCTTTTGATTGGGAGCAAGCGAGAGTGAGTGTACCTTTCGAATAAGCACCGGCTAACTACGTGCCAGCAGCCGCGGTAATACGTAGGGTGCAAGCGTTATCCGGATTTATTGGGCGTAAAGAGCTCGTAGGCGGTTCGTCGCGTCTGGTGTGAAAGTCCATCGCTTAACGGTGGATCGGCGCCGGGTACGGGCGGACTGGAGTGCGGTAGGGGAGACTGGAATTCCCGGTGTAACGGTGGAATGTGTAGATATCGGGAAGAACACCGATGGCGAAGGCAGGTCTCTGGGCCGTCACTGACGCTGAGGAGCGAAAGCGTGGGGAGCGAACAGGATTAGATACCCTGGTAGTCCACGCCGTAAACGGTGGATGCTGGATGTGGGGCCCGTTCCACGGGTTCCGTGTCGGAGCTAACGCGTTAAGCATCCCGCCTGGGGAGTACGGCCGCAAGGCTAAAACTCAAAGAAATTGACGGGGGCCCGCACAAGCGGCGGAGCATGCGGATTAATTCGATGCAACGCGAAGAACCTTACCTGGGCTTGACATGTGCCGGACGGCCGCGGAGACGTGGCTTCCCTTCGGGGCCGGTTCACAGGTGGTGCATGGTCGTCGTCAGCTCGTGTCGTGAGATGTTGGGTCAAGTCCCGCAACGAGCGCAACCCTCGCCTCGTGTTGCCAGCACGTTATGGTGGGAACTCACGGGGGACCGCCGGGGTTAACCCGGAGGAAGGTGGGGATGACGTCAGATCATCATGCCCCTTACGTCCAGGGCTTCACGCATGCTACAATGGCCGGTACAGCGGGATGCGACATGGTGACATGGAGCGGATCCCTGAAAACCGGTCTCAGTTCGGATCGGAGCCTGCAACCCGGCTCCGTGAAGGCGGAGTCGCTAGTAATCGCGGATCAGCAACGCCGCGGTGAATGCGTTCCCGGGCCTTGTACACACCGCCCGTCAAGTCATGAAAGTGGGCAGCACCCGAAGCCGGTGGCCCAACCCGTGAGGGGGGGAGCCGTCTAAGGTGAGGTCCGCGATTGGGACTAAGTCGTAACAAGGTAGCCGTACCGGAAGGTGCGGCTGGATCACCTCCTTT
13,ESL0200,TGTGGAGGGTTTGATTCTGGCTCAGGATGAACGCTGGCGGCGTGCTTAACACATGCAAGTCGAACGGGATCCGCCAAGCTTGCTTGGCGGTGAGAGTGGCGAACGGGTGAGTAATGCGTGACCAACCTGCCCCATGCTTCGGAATAGCTCCTGGAAACGGGTGGTAATGCCGGATGCTCCGCGCTGTCGCATGATGGCGTGGGAAAGGGTTTACCGGCATGGGATGGGGTCGCGTCCTATCAGCTTGTTGGCGGGGTGATGGCCTGCCAAGGCTTCGACGGGTAGCCGGCCTGAGAGGGCGACCGGCCACATTGGGACTGAGATACGGCCCAGACTCCTACGGGAGGCAGCAGTGGGGAATATTGCACAATGGGCGAAAGCCTGATGCAGCGACGCCGCGTGCGGGATGACGGCCTTCGGGTTGTAAACCGCTTTTGATTGGGAGCAAGCGAGAGTGAGTGTACCTTTCGAATAAGCACCGGCTAACTACGTGCCAGCAGCCGCGGTAATACGTAGGGTGCAAGCGTTATCCGGATTTATTGGGCGTAAAGAGCTCGTAGGCGGTTCGTCGCGTCTGGTGTGAAAGTCCATCGCTTAACGGTGGATCGGCGCCGGGTACGGGCGGACTGGAGTGCGGTAGGGGAGACTGGAATTCCCGGTGTAACGGTGGAATGTGTAGATATCGGGAAGAACACCGATGGCGAAGGCAGGTCTCTGGGCCGTCACTGACGCTGAGGAGCGAAAGCGTGGGGAGCGAACAGGATTAGATACCCTGGTAGTCCACGCCGTAAACGGTGGATGCTGGATGTGGGGCCCGTTCCACGGGTTCCGTGTCGGAGCTAACGCGTTAAGCATCCCGCCTGGGGAGTACGGCCGCAAGGCTAAAACTCAAAGAAATTGACGGGGGCCCGCACAAGCGGCGGAGCATGCGGATTAATTCGATGCAACGCGAAGAACCTTACCTGGGCTTGACATGTGCCGGACGGCTGCGGAGACGCGGCTTCCCTTCGGGGCCGGTTCACAGGTGGTGCATGGTCGTCGTCAGCTCGTGTCGTGAGATGTTGGGTCAAGTCCCGCAACGAGCGCAACCCTCGCCTCGTGTTGCCAGCGGGTCATGCCGGGAACTCACGGGGGACCGCCGGGGTTAACCCGGAGGAAGGTGGGGATGACGTCAGATCATCATGCCCCTTACGTCCAGGGCTTCACGCATGCTACAATGGCCGGTACAGCGGGATGCGACATGGTGACATGGAGCGGATCCCTGAAAACCGGTCTCAGTTCGGATCGGAGCCTGCAACCCGGCTCCGTGAAGGCGGAGTCGCTAGTAATCGCGGATCAGCAACGCCGCGGTGAATGCGTTCCCGGGCCTTGTACACACCGCCCGTCAAGTCATGAAAGTGGGCAGCACCCGAAGCCGGTGGCCCAACCCGTTTGGGGGGGAGCCGTCTAAGGTGAGGTCCGCGATTGGGACTAAGTCGTAACAAGGTAGCCGTACCGGAAGGTGCGGCTGGATCACCTCCTTT
14,ESL0819,TGTGGAGGGTTTGATTCTGGCTCAGGATGAACGCTGGCGGCGTGCTTAACACATGCAAGTCGAACGGGATCCGCCAAGCTTGCTTGGCGGTGAGAGTGGCGAACGGGTGAGTAATACGTGACCAACCTGCCCCATGCTTCGGAATAGCTCCTGGAAACGGGTGGTAATGCCGGATGCTCCGCGCTGTCGCATGATGGCGTGGGAAAGGGTTTACCGGCATGGGATGGGGTCGCGTCCTATCAGCTTGTTGGCGGGGTGATGGCCTGCCAAGGCTTCGACGGGTAGCCGGCCTGAGAGGGCGACCGGCCACATTGGGACTGAGATACGGCCCAGACTCCTACGGGAGGCAGCAGTGGGGAATATTGCACAATGGGCGAAAGCCTGATGCAGCGACGCCGCGTGCGGGATGACGGCCTTCGGGTTGTAAACCGCTTTTGATTGGGAGCAAGCGAGAGTGAGTGTACCTTTCGAATAAGCACCGGCTAACTACGTGCCAGCAGCCGCGGTAATACGTAGGGTGCAAGCGTTATCCGGATTTATTGGGCGTAAAGAGCTCGTAGGCGGTTCGTCGCGTCTGGTGTGAAAGTCCATCGCTTAACGGTGGATCGGCGCCGGGTACGGGCGGACTGGAGTGCGGTAGGGGAGACTGGAATTCCCGGTGTAACGGTGGAATGTGTAGATATCGGGAAGAACACCGATGGCGAAGGCAGGTCTCTGGGCCGTCACTGACGCTGAGGAGCGAAAGCGTGGGGAGCGAACAGGATTAGATACCCTGGTAGTCCACGCCGTAAACGGTGGATGCTGGATGTGGGGCCCGTTCCACGGGTTCCGTGTCGGAGCTAACGCGTTAAGCATCCCGCCTGGGGAGTACGGCCGCAAGGCTAAAACTCAAAGAAATTGACGGGGGCCCGCACAAGCGGCGGAGCATGCGGATTAATTCGATGCAACGCGAAGAACCTTACCTGGGCTTGACATGTGCCGGACGGCTGCGGAGACGCGGCTTCCCTTCGGGGCCGGTTCACAGGTGGTGCATGGTCGTCGTCAGCTCGTGTCGTGAGATGTTGGGTCAAGTCCCGCAACGAGCGCAACCCTCGCCTCGTGTTGCCAGCGGGTCATGCCGGGAACTCACGGGGGACCGCCGGGGTTAACCCGGAGGAAGGTGGGGATGACGTCAGATCATCATGCCCCTTACGTCCAGGGCTTCACGCATGCTACAATGGCCGGTACAGCGGGATGCGACATGGTGACATGGAGCGGATCCCTGAAAACCGGTCTCAGTTCGGATCGGAGCCTGCAACCCGGCTCCGTGAAGGCGGAGTCGCTAGTAATCGCGGATCAGCAACGCCGCGGTGAATGCGTTCCCGGGCCTTGTACACACCGCCCGTCAAGTCATGAAAGTGGGCAGCACCCGAAGCCGGTGGCCCAACCCGTTTGGGGGGGAGCCGTCTAAGGTGAGGTCCGCGATTGGGACTAAGTCGTAACAAGGTAGCCGTACCGGAAGGTGCGGCTGGATCACCTCCTTT
15,ESL0197,GTGGAGGGTTTGATTCTGGCTCAGGATGAACGCTGGCGGCGTGCTTAACACATGCAAGTCGAACGGGATCCAGGCAGCTTGCTGTCTGGTGAGAGTGGCGAACGGGTGAGTAATGCGTGACCAACCTGCCCCATACTCCGGAATAGCTCCTGGAAACGGGTGGTAATGCCGGGTGTTCCGCATCATCGCATGATGGTGTGGGAAAGGGTTTACCGGTATGGGATGGGGTCGCGTCCTATCAGCTTGTTGGTGGGGTGATGGCCTACCAAGGCTTCGACGGGTAGCCGGCCTGAGAGGGCGACCGGCCACATTGGGACTGAGATACGGCCCAGACTCCTACGGGAGGCAGCAGTGGGGAATATTGCACAATGGGCGAAAGCCTGATGCAGCGACGCCGCGTGCGGGATGACGGCCTTCGGGTTGTAAACCGCTTTTGATTGGGAGCAAGCGAGAGTGAGTGTACCTTTCGAATAAGCACCGGCTAACTACGTGCCAGCAGCCGCGGTAATACGTAGGGTGCAAGCGTTATCCGGAATTATTGGGCGTAAAGAGCTCGTAGGCGGTTCGTCGCGTCTGGTGTGAAAGTCCATCGCTTAACGGTGGATCTGCGCCGGGTACGGGCGGACTGGAGTGCGGTAGGGGAGACTGGAATTCCCGGTGTAACGGTGGAATGTGTAGATATCGGGAAGAACACCAATGGCGAAGGCAGGTCTCTGGGCCGTTACTGACGCTGAGGAGCGAAAGCGTGGGGAGCGAACAGGATTAGATACCCTGGTAGTCCACGCCGTAAACGGTGGATGCTGGATGTGGGGCCCGTTCCACGGGTTCCGTGTCGGAGCTAACGCGTTAAGCATCCCGCCTGGGGAGTACGGCCGCAAGGCTAAAACTCAAAGAAATTGACGGGGGCCCGCACAAGCGGCGGAGCATGCGGATTAATTCGATGCAACGCGAAGAACCTTACCTGGGCTTGACATGTGCCGGACTGCCGCGGAGACGTGGTTTCCCTTCGGGGCCGGTTCACAGGTGGTGCATGGTCGTCGTCAGCTCGTGTCGTGAGATGTTGGGTCAAGTCCCGCAACGAGCGCAACCCTCGCCTCGTGTTGCCAGCGGGTCATGCCGGGAACTCACGGGGGACCGCCGGGGTTAACCCGGAGGAAGGTGGGGATGACGTCAGATCATCATGCCCCTTACGTCCAGGGCTTCACGCATGCTACAATGGCCGGTACAACGGGATGCGACATGGCGACATGGAGCGGATCCCTTAAAACCGGTCTCAGTTCGGATCGGAGCCTGCAACCCGGCTCCGTGAAGGCGGAGTCGCTAGTAATCGCGGATCAGCAACGCCGCGGTGAATGCGTTCCCGGGCCTTGTACACACCGCCCGTCAAGTCATGAAAGTGGGCAGCACCCGAAGCCGGTGGCCCAACCCGTTTGGGGGGGAGCCGTCTAAGGTGAGGTCCGCGATTGGGACTAAGTCGTAACAAGGTAGCCGTACCGGAAGGTGCGGCTGGATCACCTCCTTT
16,ESL0197,TGTGGAGGGTTTGATTCTGGCTCAGGATGAACGCTGGCGGCGTGCTTAACACATGCAAGTCGAACGGGATCCAGGCAGCTTGCTGTCTGGTGAGAGTGGCGAACGGGTGAGTAATGCGTGACCAACCTGCCCCATACTCCGGAATAGCTCCTGGAAACGGGTGGTAATGCCGGGTGTTCCGCATCATCGCATGATGGTGTGGGAAAGGGTTTACCGGTATGGGATGGGGTCGCGTCCTATCAGCTTGTTGGTGGGGTGATGGCCTACCAAGGCTTCGACGGGTAGCCGGCCTGAGAGGGCGACCGGCCACATTGGGACTGAGATACGGCCCAGACTCCTACGGGAGGCAGCAGTGGGGAATATTGCACAATGGGCGAAAGCCTGATGCAGCGACGCCGCGTGCGGGATGACGGCCTTCGGGTTGTAAACCGCTTTTGATTGGGAGCAAGCGAGAGTGAGTGTACCTTTCGAATAAGCACCGGCTAACTACGTGCCAGCAGCCGCGGTAATACGTAGGGTGCAAGCGTTATCCGGAATTATTGGGCGTAAAGAGCTCGTAGGCGGTTCGTCGCGTCTGGTGTGAAAGTCCATCGCTTAACGGTGGATCTGCGCCGGGTACGGGCGGACTGGAGTGCGGTAGGGGAGACTGGAATTCCCGGTGTAACGGTGGAATGTGTAGATATCGGGAAGAACACCAATGGCGAAGGCAGGTCGCTGGGCCGTTACTGACGCTGAGGAGCGAAAGCGTGGGGAGCGAACAGGATTAGATACCCTGGTAGTCCACGCCGTAAACGGTGGATGCTGGATGTGGGGCCCGTTCCACGGGTTCCGTGTCGGAGCTAACGCGTTAAGCATCCCGCCTGGGGAGTACGGCCGCAAGGCTAAAACTCAAAGAAATTGACGGGGGCCCGCACAAGCGGCGGAGCATGCGGATTAATTCGATGCAACGCGAAGAACCTTACCTGGGCTTGACATGTGCCGGACTGCCGCGGAGACGTGGTTTCCCTTCGGGGCCGGTTCACAGGTGGTGCATGGTCGTCGTCAGCTCGTGTCGTGAGATGTTGGGTCAAGTCCCGCAACGAGCGCAACCCTCGCCTCGTGTTGCCAGCGGGTCATGCCGGGAACTCACGGGGGACCGCCGGGGTTAACCCGGAGGAAGGTGGGGATGACGTCAGATCATCATGCCCCTTACGTCCAGGGCTTCACGCATGCTACAATGGCCGGTACAACGGGATGCGACATGGCGACATGGAGCGGATCCCTTAAAACCGGTCTCAGTTCGGATCGGAGCCTGCAACCCGGCTCCGTGAAGGCGGAGTCGCTAGTAATCGCGGATCAGCAACGCCGCGGTGAATGCGTTCCCGGGCCTTGTACACACCGCCCGTCAAGTCATGAAAGTGGGCAGCACCCGAAGCCGGTGGCCCAACCCGTTTGGGGGGGAGCCGTCTAAGGTGAGGTCCGCGATTGGGACTAAGTCGTAACAAGGTAGCCGTACCGGAAGGTGCGGCTGGATCACCTCCTTT
17,ESL0294,ATTGAGAGTTTGATCCTGGCTCAGGACGAACGCTGGCGGCGTGCCTAATACATGCAAGTCGAGCGCGGGAAGTCAGGGAAGCCTTCGGGTGGAACTGGTGGAACGAGCGGCGGATGGGTGAGTAACACGTAGGTAACCTGCCCTAAAGCGGGGGATACCATCTGGAAACAGGTGCTAATACCGCATAACCCCAGCAGTCACATGAGTGCTGGTTGAAAGACGGCTTCGGCTGTCACTTTAGGATGGACCTGCGGCGTATTAGCTAGTTGGTGGAGTAACGGTTCACCAAGGCGATGATACGTAGCCGACCTGAGAGGGTAATCGGCCACATTGGGACTGAGACACGGCCCAAACTCCTACGGGAGGCAGCAGTAGGGAATCTTCCACAATGGACGCAAGTCTGATGGAGCAACGCCGCGTGGATGAAGAAGGTCTTCGGATCGTAAAATCCTGTTGTTGAAGAAGAACGGTTGTGAGAGTAACTGCTCATAACGTGACGGTAATCAACCAGAAAGTCACGGCTAACTACGTGCCAGCAGCCGCGGTAATACGTAGGTGGCAAGCGTTGTCCGGATTTATTGGGCGTAAAGGGAGCGCAGGCGGTCTTTTAAGTCTGAATGTGAAAGCCCTCAGCTTAACTGAGGAAGCGCATCGGAAACTGAGAGACTTGAGTGCAGAAGAGGAGAGTGGAACTCCATGTGTAGCGGTGAAATGCGTAGATATATGGAAGAACACCAGTGGCGAAGGCGGCTCTCTGGTCTGTTACTGACGCTGAGGCTCGAAAGCATGGGTAGCGAACAGGATTAGATACCCTGGTAGTCCATGCCGTAAACGATGAGTGCTAAGTGTTGGGAGGTTTCCGCCTCTCAGTGCTGCAGCTAACGCATTAAGCACTCCGCCTGGGGAGTACGACCGCAAGGTTGAAACTCAAAGGAATTGACGGGGGCCCGCACAAGCGGTGGAGCATGTGGTTTAATTCGAAGCAACGCGAAGAACCTTACCAGGTCTTGACATCTCCTGCAAGCCTAAGAGATTAGGGGTTCCCTTCGGGGACAGGAAGACAGGTGGTGCATGGTTGTCGTCAGCTCGTGTCGTGAGATGTTGGGTTAAGTCCCGCAACGAGCGCAACCCTTGTTACTAGTTGCCAGCATTAAGTTGGGCACTCTAGTGAGACTGCCGGTGACAAACCGGAGGAAGGTGGGGACGACGTCAAATCATCATGCCCCTTATGACCTGGGCTACACACGTGCTACAATGGATGGTACAATGAGAAGCGAACTCGCGAGGGGAAGCTGATCTCTGAAAACCATTCTCAGTTCGGATTGCAGGCTGCAACTCGCCTGCATGAAGCTGGAATCGCTAGTAATCGCGGATCAGCATGCCGCGGTGAATACGTTCCCGGGCCTTGTACACACCGCCCGTCACACCATGAGAGTTTGTAACACCCAAAGCCGGTGGGGTAACCTTTCGGGGAGCTAGCCGTCTAAGGTGGGACAAATGATTAGGGTGAAGTCGTAACAAGGTAGCCGTAGGAGAACCTGCGGCTGGATCACCTCCTTT
18,ESL0294,ATGAGAGTTTGATCCTGGCTCAGGACGAACGCTGGCGGCGTGCCTAATACATGCAAGTCGAGCGCGGGAAGTCAGGGAAGCCTTCGGGTGGAACTGGTGGAACGAGCGGCGGATGGGTGAGTAACACGTAGGTAACCTGCCCTAAAGCGGGGGATACCATCTGGAAACAGGTGCTAATACCGCATAAATCCAGCAGTCACATGAGTGCTGGTTGAAAGACGGCTTCGGCTGTCACTTTAGGATGGACCTGCGGCGTATTAGCTAGTTGGTGGAGTAACGGTTCACCAAGGCGATGATACGTAGCCGACCTGAGAGGGTAATCGGCCACATTGGGACTGAGACACGGCCCAAACTCCTACGGGAGGCAGCAGTAGGGAATCTTCCACAATGGACGCAAGTCTGATGGAGCAACGCCGCGTGGATGAAGAAGGTCTTCGGATCGTAAAATCCTGTTGTTGAAGAAGAACGGTTGTGAGAGTAACTGCTCATAACGTGACGGTAATCAACCAGAAAGTCACGGCTAACTACGTGCCAGCAGCCGCGGTAATACGTAGGTGGCAAGCGTTGTCCGGATTTATTGGGCGTAAAGGGAGCGCAGGCGGTCTTTTAAGTCTGAATGTGAAAGCCCTCAGCTTAACTGAGGAAGCGCATCGGAAACTGAGAGACTTGAGTGCAGAAGAGGAGAGTGGAACTCCATGTGTAGCGGTGAAATGCGTAGATATATGGAAGAACACCAGTGGCGAAGGCGGCTCTCTGGTCTGTTACTGACGCTGAGGCTCGAAAGCATGGGTAGCGAACAGGATTAGATACCCTGGTAGTCCATGCCGTAAACGATGAGTGCTAAGTGTTGGGAGGTTTCCGCCTCTCAGTGCTGCAGCTAACGCATTAAGCACTCCGCCTGGGGAGTACGACCGCAAGGTTGAAACTCAAAGGAATTGACGGGGGCCCGCACAAGCGGTGGAGCATGTGGTTTAATTCGAAGCAACGCGAAGAACCTTACCAGGTCTTGACATCTCCTGCAAGCCTAAGAGATTAGGGGTTCCCTTCGGGGACAGGAAGACAGGTGGTGCATGGTTGTCGTCAGCTCGTGTCGTGAGATGTTGGGTTAAGTCCCGCAACGAGCGCAACCCTTGTTACTAGTTGCCAGCATTAAGTTGGGCACTCTAGTGAGACTGCCGGTGACAAACCGGAGGAAGGTGGGGACGACGTCAAATCATCATGCCCCTTATGACCTGGGCTACACACGTGCTACAATGGATGGTACAATGAGAAGCGAACTCGCGAGGGGAAGCTGATCTCTGAAAACCATTCTCAGTTCGGATTGCAGGCTGCAACTCGCCTGCATGAAGCTGGAATCGCTAGTAATCGCGGATCAGCATGCCGCGGTGAATACGTTCCCGGGCCTTGTACACACCGCCCGTCACACCATGAGAGTTTGTAACACCCAAAGCCGGTGGGGTAACCTTTCGGGGAGCTAGCCGTCTAAGGTGGGACAAATGATTAGGGTGAAGTCGTAACAAGGTAGCCGTAGGAGAACCTGCGGCTGGATCACCTCCTTT
19,ESL0294,ATGAGAGTTTGATCCTGGCTCAGGACGAACGCTGGCGGCGTGCCTAATACATGCAAGTCGAGCGCGGGAAGTCAGGGAAGCCTTCGGGTGGAACTGGTGGAACGAGCGGCGGATGGGTGAGTAACACGTAGGTAACCTGCCCTAAAGCGGGGGATACCATCTGGAAACAGGTGCTAATACCGCATAAACCCAGCAGTCACATGAGTGCTGGTTGAAAGACGGCTTCGGCTGTCACTTTAGGATGGACCTGCGGCGTATTAGCTAGTTGGTGGAGTAACGGTTCACCAAGGCGATGATACGTAGCCGACCTGAGAGGGTAATCGGCCACATTGGGACTGAGACACGGCCCAAACTCCTACGGGAGGCAGCAGTAGGGAATCTTCCACAATGGACGCAAGTCTGATGGAGCAACGCCGCGTGGATGAAGAAGGTCTTCGGATCGTAAAATCCTGTTGTTGAAGAAGAACGGTTGTGAGAGTAACTGCTCATAACGTGACGGTAATCAACCAGAAAGTCACGGCTAACTACGTGCCAGCAGCCGCGGTAATACGTAGGTGGCAAGCGTTGTCCGGATTTATTGGGCGTAAAGGGAGCGCAGGCGGTCTTTTAAGTCTGAATGTGAAAGCCCTCAGCTTAACTGAGGAAGCGCATCGGAAACTGAGAGACTTGAGTGCAGAAGAGGAGAGTGGAACTCCATGTGTAGCGGTGAAATGCGTAGATATATGGAAGAACACCAGTGGCGAAGGCGGCTCTCTGGTCTGTTACTGACGCTGAGGCTCGAAAGCATGGGTAGCGAACAGGATTAGATACCCTGGTAGTCCATGCCGTAAACGATGAGTGCTAAGTGTTGGGAGGTTTCCGCCTCTCAGTGCTGCAGCTAACGCATTAAGCACTCCGCCTGGGGAGTACGACCGCAAGGTTGAAACTCAAAGGAATTGACGGGGGCCCGCACAAGCGGTGGAGCATGTGGTTTAATTCGAAGCAACGCGAAGAACCTTACCAGGTCTTGACATCTCCTGCAAGCCTAAGAGATTAGGGGTTCCCTTCGGGGACAGGAAGACAGGTGGTGCATGGTTGTCGTCAGCTCGTGTCGTGAGATGTTGGGTTAAGTCCCGCAACGAGCGCAACCCTTGTTACTAGTTGCCAGCATTAAGTTGGGCACTCTAGTGAGACTGCCGGTGACAAACCGGAGGAAGGTGGGGACGACGTCAAATCATCATGCCCCTTATGACCTGGGCTACACACGTGCTACAATGGATGGTACAATGAGAAGCGAACTCGCGAGGGGAAGCTGATCTCTGAAAACCATTCTCAGTTCGGATTGCAGGCTGCAACTCGCCTGCATGAAGCTGGAATCGCTAGTAATCGCGGATCAGCATGCCGCGGTGAATACGTTCCCGGGCCTTGTACACACCGCCCGTCACACCATGAGAGTTTGTAACACCCAAAGCCGGTGGGGTAACCTTTCGGGGAGCTAGCCGTCTAAGGTGGGACAAATGATTAGGGTGAAGTCGTAACAAGGTAGCCGTAGGAGAACCTGCGGCTGGATCACCTCCTTT
20,ESL0394,ATGAGAGTTTGATCCTGGCTCAGGACGAACGCTGGCGGCGTGCCTAATACATGCAAGTCGAGCGAGCAATTTTGACGGAATACTTCGGTAGGAAGTTAAGAGCGCGAGCGGCGGATGGGTGAGTAACACGTGGGCAACCTGCCCTTTAGCTTGGGATACCACTTGGAAACAGGTGCTAATACCAAATAAGAAGCAAGAGCGCATGCTCAAGCAGTAAAAGGCGGCTTTCGAGCTGTCACTAAAGGATGGGCCCGCGGTGCATTAGCTAGTTGGTAAGGTAACGGCCTACCAAGGCGATGATGCATAGCCGAGTTGAGAGACTGACCGGCCACATTGGGACTGAGACACGGCCCAAACTCCTACGGGAGGCAGCAGTAGGGAATCTTCCACAATGGACGCAAGTCTGATGGAGCAACGCCGCGTGAGTGAAGAAGGTTTTCGGATCGTAAAGCTCTGTTGTTGGTGAAGAAGGACAAGGGTAGTAACTGATCTTTGTTTGACGGTAATCAACCAGAAAGTCACGGCTAACTACGTGCCAGCAGCCGCGGTAATACGTAGGTGGCAAGCGTTGTCCGGATTTATTGGGCGTAAAGCGAACGCAGGCGGGAAGATAAGTCAGCTGTGAAAGCCCCCAGCTTAACTGGGGAATTGCAGCTGAAACTATGTTTCTTGAGTGCAGAAGAGGAGAGTGGAACTCCATGTGTAGCGGTGGAATGCGTAGATATATGGAAGAACACCAGTGGCGAAGGCGGCTCTCTGGTCTGTAACTGACGCTGAGGTTCGAAAGCATGGGTAGCGAACAGGATTAGATACCCTGGTAGTCCATGCCGTAAACGATGAGTGCTAAGTGTTGGGAGGTTTCCGCCTCTCAGTGCTGCAGCTAACGCATTAAGCACTCCGCCTGGGGAGTACGACCGCAAGGTTAAAACTCAAAGGAATTGACGGGGGCCCGCACAAGCGGTGGAGCATGTGGTTTAATTCGAAGCAACGCGAAGAACCTTACCAGGTCTTGACATCTAGTGCCAGTCCTAGAGATAGGATGTTTCCTTCGGGAACACTAAGACAGGTGGTGCATGGCTGTCGTCAGCTCGTGTCGTGAGATGTTGGGTTAAGTCCCGCAACGAGCGCAACCCTTATTATTAGTTGCCAGCATTAAGTTGGGCACTCTAATGAGACTGCCGGTGACAAACCGGAGGAAGGTGGGGACGACGTCAAGTCATCATGCCCCTTATGACCTGGGCTACACACGTGCTACAATGGTTAGTACAACGAGCAGCGAACCTGCAAAGGCAAGCGAATCTCTGAAAGCTAATCTCAGTTCGGATTGCACTCTGCAACTCGAGTGCATGAAGCTGGAATCGCTAGTAATCGCGGATCAGCACGCCGCGGTGAATACGTTCCCGGGCCTTGTACACACCGCCCGTCACACCATGAGAGTCTGTAATGCCCAAAGCCGGTGGGATAACCTGCAAAGGAGTCAGCCGTCTAAGGCAGGACAGATGATTAGGGTGAAGTCGTAACAAGGTAGCCGTAGGAGAACCTGCGGCTGGATCACCTCCTTT
21,ESL0394,ATGAGAGTTTGATCCTGGCTCAGGACGAACGCTGGCGGCGTGCCTAATACATGCAAGTCGAGCGAGCAATTTTAACGGAATACTTCGGTAGGAAGTTAAGAGCGCGAGCGGCGGATGGGTGAGTAACACGTGGGCAACCTGCCCTTTAGCTTGGGATACCACTTGGAAACAGGTGCTAATACCAAATAAGAAGCGAGAGCGCATGCTCAAGCAGTAAAAGGCGGCTTTCGAGCTGTCACTAAAGGATGGGCCCGCGGTGCATTAGCTAGTTGGTAAGGTAACGGCCTACCAAGGCGATGATGCATAGCCGAGTTGAGAGACTGACCGGCCACATTGGGACTGAGACACGGCCCAAACTCCTACGGGAGGCAGCAGTAGGGAATCTTCCACAATGGACGCAAGTCTGATGGAGCAACGCCGCGTGAGTGAAGAAGGTTTTCGGATCGTAAAGCTCTGTTGTTGGTGAAGAAGGACAAGGGTAGTAACTGATCTTTGTTTGACGGTAATCAACCAGAAAGTCACGGCTAACTACGTGCCAGCAGCCGCGGTAATACGTAGGTGGCAAGCGTTGTCCGGATTTATTGGGCGTAAAGCGAACGCAGGCGGGAAGATAAGTCAGCTGTGAAAGCCCCCAGCTTAACTGGGGAACTGCAGCTGAAACTATGTTTCTTGAGTGCAGAAGAGGAGAGTGGAACTCCATGTGTAGCGGTGGAATGCGTAGATATATGGAAGAACACCAGTGGCGAAGGCGGCTCTCTGGTCTGTAACTGACGCTGAGGTTCGAAAGCATGGGTAGCGAACAGGATTAGATACCCTGGTAGTCCATGCCGTAAACGATGAGTGCTAAGTGTTGGGAGGTTTCCGCCTCTCAGTGCTGCAGCTAACGCATTAAGCACTCCGCCTGGGGAGTACGACCGCAAGGTTAAAACTCAAAGGAATTGACGGGGGCCCGCACAAGCGGTGGAGCATGTGGTTTAATTCGAAGCAACGCGAAGAACCTTACCAGGTCTTGACATCTAGTGCTAGTCCTAGAGATAGGATGTTTCCTTCGGGAACACTAAGACAGGTGGTGCATGGCTGTCGTCAGCTCGTGTCGTGAGATGTTGGGTTAAGTCCCGCAACGAGCGCAACCCTTATTATTAGTTGCCAGCATTAAGTTGGGCACTCTAATGAGACTGCCGGTGACAAACCGGAGGAAGGTGGGGACGACGTCAAGTCATCATGCCCCTTATGACCTGGGCTACACACGTGCTACAATGGTTAGTACAACGAGCAGCGAACCTGCAAAGGCAAGCGAATCTCTGAAAGCTAATCTCAGTTCGGATTGCACTCTGCAACTCGAGTGCATGAAGCTGGAATCGCTAGTAATCGCGGATCAGCACGCCGCGGTGAATACGTTCCCGGGCCTTGTACACACCGCCCGTCACACCATGAGAGTCTGTAATGCCCAAAGCCGGTGGGATAACCTGCAAAGGAGTCAGCCGTCTAAGGCAGGACAGATGATTAGGGTGAAGTCGTAACAAGGTAGCCGTAGGAGAACCTGCGGCTGGATCACCTCCTTT
22,ESL0394,ATGAGAGTTTGATCCTGGCTCAGGACGAACGCTGGCGGCGTGCCTAATACATGCAAGTCGAGCGAGCAATTTTGACGGAATACTTCGGTAGGAAGTCAGAAGCGCGAGCGGCGGATGGGTGAGTAACACGTGGGCAACCTGCCCTTTAGCTTGGGATACCACTTGGAAACAGGTGCTAATACCAAATAAGCAGCAAGAGCGCATGCTCAAGCTGAGAAAGGCGGCTTTCGAGCTGTCACTAAAGGATGGGCCCGCGGTGCATTAGCTAGTTGGTAAGGTAAGGGCCTACCAAGGCGATGATGCATAGCCGAGTTGAGAGACTGACCGGCCACATTGGGACTGAGACACGGCCCAAACTCCTACGGGAGGCAGCAGTAGGGAATCTTCCACAATGGACGCAAGTCTGATGGAGCAACGCCGCGTGAGTGAAGAAGGTTTTCGGATCGTAAAGCTCTGTTGTTGGTGAAGAAGGACAAGGGTAGTAACTGATCTTTGTTTGACGGTAATCAACCAGAAAGTCACGGCTAACTACGTGCCAGCAGCCGCGGTAATACGTAGGTGGCAAGCGTTGTCCGGATTTATTGGGCGTAAAGCGAACGCAGGCGGGAAGATAAGTCAGCTGTGAAAGCCCCCAGCTTAACTGGGGAACTGCAGCTGAAACTATGTTTCTTGAGTGCAGAAGAGGAGAGTGGAACTCCATGTGTAGCGGTGGAATGCGTAGATATATGGAAGAACACCAGTGGCGAAGGCGGCTCTCTGGTCTGTAACTGACGCTGAGGTTCGAAAGCATGGGTAGCGAACAGGATTAGATACCCTGGTAGTCCATGCCGTAAACGATGAGTGCTAAGTGTTGGGAGGTTTCCGCCTCTCAGTGCTGCAGCTAACGCATTAAGCACTCCGCCTGGGGAGTACGACCGCAAGGTTAAAACTCAAAGGAATTGACGGGGGCCCGCACAAGCGGTGGAGCATGTGGTTTAATTCGAAGCAACGCGAAGAACCTTACCAGGTCTTGACATCTAGTGCCAGTCCTAGAGATAGGATGTTTCCTTCGGGAACACTAAGACAGGTGGTGCATGGCTGTCGTCAGCTCGTGTCGTGAGATGTTGGGTTAAGTCCCGCAACGAGCGCAACCCTTATTATTAGTTGCCAGCATTAAGTTGGGCACTCTAATGAGACTGCCGGTGACAAACCGGAGGAAGGTGGGGACGACGTCAAGTCATCATGCCCCTTATGACCTGGGCTACACACGTGCTACAATGGTTAGTACAACGAGCAGCGAACCTGCAAAGGCAAGCGAATCTCTGAAAGCTAATCTCAGTTCGGATTGCACTCTGCAACTCGAGTGCATGAAGCTGGAATCGCTAGTAATCGCGGATCAGCACGCCGCGGTGAATACGTTCCCGGGCCTTGTACACACCGCCCGTCACACCATGAGAGTCTGTAATGCCCAAAGCCGGTGGGATAACCTGCAAAGGAGTCAGCCGTCTAAGGCAGGACAGATGATTAGGGTGAAGTCGTAACAAGGTAGCCGTAGGAGAACCTGCGGCTGGATCACCTCCTTT
23,ESL0394,ATGAGAGTTTGATCCTGGCTCAGGACGAACGCTGGCGGCGTGCCTAATACATGCAAGTCGAGCGAGCAATTTTGACGGAATACTTCGGTAGGAAGTCAGAAGCGCGAGCGGCGGATGGGTGAGTAACACGTGGGCAACCTGCCCTTTAGCTTGGGATACCACTTGGAAACAGGTGCTAATACCAAATAAGCAGCAAGAGCGCATGCTCAAGCTGAGAAAGGCGGCTTTCGAGCTGTCACTAAAGGATGGGCCCGCGGTGCATTAGCTAGTTGGTAAGGTAAGGGCCTACCAAGGCGATGATGCATAGCCGAGTTGAGAGACTGACCGGCCACATTGGGACTGAGACACGGCCCAAACTCCTACGGGAGGCAGCAGTAGGGAATCTTCCACAATGGACGCAAGTCTGATGGAGCAACGCCGCGTGAGTGAAGAAGGTTTTCGGATCGTAAAGCTCTGTTGTTGGTGAAGAAGGACAAGGGTAGTAACTGATCTTTGTTTGACGGTAATCAACCAGAAAGTCACGGCTAACTACGTGCCAGCAGCCGCGGTAATACGTAGGTGGCAAGCGTTGTCCGGATTTATTGGGCGTAAAGCGAACGCAGGCGGGAAGATAAGTCAGCTGTGAAAGCCCCCAGCTTAACTGGGGAACTGCAGCTGAAACTATGTTTCTTGAGTGCAGAAGAGGAGAGTGGAACTCCATGTGTAGCGGTGGAATGCGTAGATATATGGAAGAACACCAGTGGCGAAGGCGGCTCTCTGGTCTGTAACTGACGCTGAGGTTCGAAAGCATGGGTAGCGAACAGGATTAGATACCCTGGTAGTCCATGCCGTAAACGATGAGTGCTAAGTGTTGGGAGGTTTCCGCCTCTCAGTGCTGCAGCTAACGCATTAAGCACTCCGCCTGGGGAGTACGACCGCAAGGTTAAAACTCAAAGGAATTGACGGGGGCCCGCACAAGCGGTGGAGCATGTGGTTTAATTCGAAGCAACGCGAAGAACCTTACCAGGTCTTGACATCTAGTGCCAGTCCTAGAGATAGGATGTTTCCTTCGGGAACACTAAGACAGGTGGTGCATGGCTGTCGTCAGCTCGTGTCGTGAGATGTTGGGTTAAGTCCCGCAACGAGCGCAACCCTTATTATTAGTTGCCAGCATTAAGTTGGGCACTCTAATGAGACTGCCGGTGACAAACCGGAGGAAGGTGGGGACGACGTCAAGTCATCATGCCCCTTACGACCTGGGCTACACACGTGCTACAATGGTTAGTACAACGAGCAGCGAACCTGCAAAGGCAAGCGAATCTCTGAAAGCTAATCTCAGTTCGGATTGCACTCTGCAACTCGAGTGCATGAAGCTGGAATCGCTAGTAATCGCGGATCAGCACGCCGCGGTGAATACGTTCCCGGGCCTTGTACACACCGCCCGTCACACCATGAGAGTCTGTAATGCCCAAAGCCGGTGGGATAACCTGCAAAGGAGTCAGCCGTCTAAGGCAGGACAGATGATTAGGGTGAAGTCGTAACAAGGTAGCCGTAGGAGAACCTGCGGCTGGATCACCTCCTTT
24,ESL0295,ATGAGAGTTTGATCCTGGCTCAGGACGAACGCTGGCGGCGTGCCTAATACATGCAAGTCGAGCGCGGGAAGTCAGGGAAGCCTTCGGGTGGAACTGGTGGAACGAGCGGCGGATGGGTGAGTAACACGTAGGTAACCTGCCCTAAAGCGGGGGATACCATCTGGAAACAGGTGCTAATACCGCATAATCCCAGCAGTCACATGAGTGTTGGTTGAAAGACGGCTTCGGCTGTCACTTTAGGATGGACCTGCGGCGTATTAGCTAGTTGGTGGAGTAACGGTTCACCAAGGCAATGATACGTAGCCGACCTGAGAGGGTAATCGGCCACATTGGGACTGAGACACGGCCCAAACTCCTACGGGAGGCAGCAGTAGGGAATCTTCCACAATGGACGCAAGTCTGATGGAGCAACGCCGCGTGGATGAAGAAGGTCTTCGGATCGTAAAATCCTGTTGTTGAAGAAGAACGGTTGTGAGAGTAACTGCTCATAACGTGACGGTAATCAACCAGAAAGTCACGGCTAACTACGTGCCAGCAGCCGCGGTAATACGTAGGTGGCAAGCGTTGTCCGGATTTATTGGGCGTAAAGGGAGCGCAGGCGGTCTTTTAAGTCTGAATGTGAAAGCCCTCAGCTTAACTGAGGAAGCGCATCGGAAACTGAAAGACTTGAGTGCAGAAGAGGAGAGTGGAACTCCATGTGTAGCGGTGAAATGCGTAGATATATGGAAGAACACCAGTGGCGAAGGCGGCTCTCTGGTCTGTTACTGACGCTGAGGCTCGAAAGCATGGGTAGCGAACAGGATTAGATACCCTGGTAGTCCATGCCGTAAACGATGAGTGCTAAGTGTTGGGAGGTTTCCGCCTCTCAGTGCTGCAGCTAACGCATTAAGCACTCCGCCTGGGGAGTACGACCGCAAGGTTGAAACTCAAAGGAATTGACGGGGGCCCGCACAAGCGGTGGAGCATGTGGTTTAATTCGAAGCAACGCGAAGAACCTTACCAGGTCTTGACATCTCCTGCAAGCCTAAGAGATTAGGGGTTCCCTTCGGGGACAGGAAGACAGGTGGTGCATGGTTGTCGTCAGCTCGTGTCGTGAGATGTTGGGTTAAGTCCCGCAACGAGCGCAACCCTTGTTACTAGTTGCCAGCATTAAGTTGGGCACTCTAGTGAGACTGCCGGTGACAAACCGGAGGAAGGTGGGGACGACGTCAAATCATCATGCCCCTTATGACCTGGGCTACACACGTGCTACAATGGATGGTACAATGAGAAGCGAACTCGCGAGGGGAAGCTGATCTCTGAAAACCATTCTCAGTTCGGATTGCAGGCTGCAACTCGCCTGCATGAAGCTGGAATCGCTAGTAATCGCGGATCAGCATGCCGCGGTGAATACGTTCCCGGGCCTTGTACACACCGCCCGTCACACCATGAGAGTTTGTAACACCCAAAGCCGGTGGGGTAACCTTTCGGGGAGCTAGCCGTCTAAGGTGGGACAAATGATTAGGGTGAAGTCGTAACAAGGTAGCCGTAGGAGAACCTGCGGCTGGATCACCTCCTTT
25,ESL1028,ATGAGAGTTTGATCCTGGCTCAGGACGAACGCTGGCGGCGTGCCTAATACATGCAAGTCGAGCGAGCGAGATGAACGGAATACTTCGGTAGGAAGTTCAGATTGCGAGCGGCGGATGGGTGAGTAACACGTAGGCAATCTACCCTTAAGCGGGGGATAACACCTGGAAACAGGTGCTAATACCGCATAAAACTAAGGACGCCTGTTCTAAAGTTAAAAGACGGTGAGAGCTGTCACTTAAGGATGAGCCTGCGGCGTATTAGCTAGTTGGCAAGGTAAGAGCTTACCAAGGCGATGATACGTAGCCGACCTGAGAGGGTAATCGGCCACATTGGGACTGAGACACGGCCCAAACTCCTACGGGAGGCAGCAGTAGGGAATCTTCCACAATGGACGCAAGTCTGATGGAGCAACGCCGCGTGGATGAAGAAGGTCTTCGGATCGTAAAATCCTGTTGTTGAAGAAGAACGTATGTGAGAGTAACTGCTCAGATAGTGACGGTATTCAACCAGAAAGTCACGGCTAACTACGTGCCAGCAGCCGCGGTAATACGTAGGTGGCAAGCGTTGTCCGGATTTATTGGGCGTAAAGGGAGCGCAGGCGGTTAAATAAGTCTGGGATGTGAAAGCCCTCAGCTCAACTGAGGAATTGCAACGGAAACTGTTTAACTTGAGTGCAGAAGAGGAGAGTGGAACTCCATGTGTAGCGGTGAAATGCGTAGATATATGGAAGAACACCAGTGGCGAAGGCGGCTCTCTGGTCTGTCACTGACGCTGAGGCTCGAAAGCATGGGTAGCGAACAGGATTAGATACCCTGGTAGTCCATGCCGTAAACGATGAGTGCTAAGTGTTGGGAGGTTTCCGCCTTTCAGTGCTGCAGCAAACGCATTAAGCACTCCGCCTGGGGAGTACGACCGCAAGGTTGAAACTCAAAGGAATTGACGGGGGCCCGCACAAGCGGTGGAGCATGTGGTTTAATTCGAAGCAACGCGAAGAACCTTACCAGGTCTTGACATCTCCTGCGAGCCTAAGAGATTAGGTGTTCCCTTCGGGGACAGGAAGACAGGTGGTGCATGGTTGTCGTCAGCTCGTGTCGTGAGATGTTGGGTTAAGTCCCGCAACGAGCGCAACCCTTGTTACTAGTTGCCAGCATTAAGTTGGGCACTCTAGTGAGACTGCCGGTGACAAACCGGAGGAAGGTGGGGACGACGTCAAATCATCATGCCCCTTATGACCTGGGCTACACACGTGCTACAATGGATGGTACAACGAGCAGCGAACTCGTGAGGGCAAGCGAATCTCTGAAAACCATTCTCAGTTCGGATTGCAGGCTGCAACTCGCCTGCATGAAGTTGGAATCGCTAGTAATCGCGGATCAGCATGCCGCGGTGAATACGTTCCCGGGCCTTGTACACACCGCCCGTCACACCATGAGAGTTTGTAACACCCAAAGCCGGTGCGGCAACCCGTAAGGGAGCCAGCCGTCTAAGGTGGGACAAATGATTAGGGTGAAGTCGTAACAAGGTAGCCGTAGGAGAACCTGCGGCTGGATCACCTCCTTT
26,ESL0353;ESL0185,ATGAGAGTTTGATCCTGGCTCAGGACGAACGCTGGCGGCGTGCCTAATACATGCAAGTCGAGCGAGCAAAGTTAAAGGAATACTTCGGTAGGAATTTAATAGCGCGAGCGGCGGATGGGTGAGTAACACGTGGGCAACCTGCCCTTTAGCTTGGGATACCACTTGGAAACAGGTGCTAATACCAAATAAGAAGTAAGAGCGCATGCTCAAGCTATGAAAGGCGGCTTTCGAGCTGTCACTAAAGGATGGGCCCGCGGTGCATTAGCTAGTTGGTAAGGTAACGGCTTACCAAGGCAATGATGCATAGCCGAGTTGAGAGACTGATCGGCCACATTGGGACTGAGACACGGCCCAAACTCCTACGGGAGGCAGCAGTAGGGAATCTTCCACAATGGACGCAAGTCTGATGGAGCAACGCCGCGTGAGTGAAGAAGGTTTTCGGATCGTAAAGCTCTGTTGTTGGTGAAGAAGGACATGGGTAGTAACTGATCTATGTTTGACGGTAATCAACCAGAAAGTCACGGCTAACTACGTGCCAGCAGCCGCGGTAATACGTAGGTGGCAAGCGTTGTCCGGATTTATTGGGCGTAAAGCGAACGCAGGCGGGAGAACAAGTCAGCTGTGAAAGCCCTCGGCTTAACCGAGGAACGGCAACTGAAACTGTTTTTCTTGAGTGCAGAAGAGGAGAGTGGAACTCCATGTGTAGCGGTGAAATGCGTAGATATATGGAAGAACACCAGTGGCGAAGGCGGCTCTCTGGTCTGTAACTGACGCTGAGGTTCGAAAGCATGGGTAGCGAACAGGATTAGATACCCTGGTAGTCCATGCCGTAAACGATGAGTGCTAAGTGTTGGGAGGTTTCCGCCTCTCAGTGCTGCAGCTAACGCATTAAGCACTCCGCCTGGGGAGTACGACCGCAAGGTTAAAACTCAAAGGAATTGACGGGGGCCCGCACAAGCGGTGGAGCATGTGGTTTAATTCGAAGCAACGCGAAGAACCTTACCAGGTCTTGACATCTAGTGCCAACCCTAGAGATAGGGTGTTTCCTTCGGGAACACTAAGACAGGTGGTGCATGGCTGTCGTCAGCTCGTGTCGTGAGATGTTGGGTTAAGTCCCGCAACGAGCGCAACCCTTATTATTAGTTGCCAGCATTAAGTTGGGCACTCTAATGAGACTGCCGGTGACAAACCGGAGGAAGGTGGGGACGACGTCAAGTCATCATGCCCCTTATGACCTGGGCTACACACGTGCTACAATGGTTAGTACAACGAGGAGCGAACCTGTGAAGGCAAGCGAATCTCTTAAAGCTAATCTCAGTTCGGATTGCACTCTGCAACTCGAGTGCATGAAGCTGGAATCGCTAGTAATCGCGGATCAGCATGCCGCGGTGAATACGTTCCCGGGCCTTGTACACACCGCCCGTCACACCATGAGAGTTTGTAATACCCAAAGCCGGTGAGATAACCTGTAAAGGAGTCAGCCGTCTAAGGTAGGACAGATGATTAGGGTGAAGTCGTAACAAGGTAGCCGTAGGAGAACCTGCGGCTGGATCACCTCCTTT
27,ESL0263,ATGAGAGTTTGATCCTGGCTCAGGACGAACGCTGGCGGCGTGCCTAATACATGCAAGTCGAGCGAGCAAAGTTAAAGGAATACTTCGGTAGGAATTTAATAGCGCGAGCGGCGGATGGGTGAGTAACACGTGGGCAATCTACCCTTTAGCTTGGGATACCACTTGGAAACAGGTGCTAATACCAAATAAGAAGTAAGAGCGCATGCTCAAGCTATGAAAGGCGGCTTTCGAGCTGTCACTAAAGGATGAGCCCGCGGTGCATTAGCTAGTTGGTAAGGTAACGGCTTACCAAGGCAATGATGCATAGCCGAGTTGAGAGACTGATCGGCCACATTGGGACTGAGACACGGCCCAAACTCCTACGGGAGGCAGCAGTAGGGAATCTTCCACAATGGACGCAAGTCTGATGGAGCAACGCCGCGTGAGTGAAGAAGGTTTTCGGATCGTAAAGCTCTGTTGTTGGTGAAGAAGGACATGGATAGTAACTGATCTATGTTTGACGGTAATCAACCAGAAAGTCACGGCTAACTACGTGCCAGCAGCCGCGGTAATACGTAGGTGGCAAGCGTTGTCCGGATTTATTGGGCGTAAAGCGAACGCAGGCGGGAGAACAAGTCAGCTGTGAAAGCCCTCGGCTTAACCGAGGAACGGCAACTGAAACTGTTTTTCTTGAGTGCAGAAGAGGAGAGTGGAACTCCATGTGTAGCGGTGAAATGCGTAGATATATGGAAGAACACCAGTGGCGAAGGCGGCTCTCTGGTCTGTAACTGACGCTGAGGTTCGAAAGCATGGGTAGCGAACAGGATTAGATACCCTGGTAGTCCATGCCGTAAACGATGAGTGCTAAGTGTTGGGAGGTTTCCGCCTCTCAGTGCTGCAGCTAACGCATTAAGCACTCCGCCTGGGGAGTACGACCGCAAGGTTAAAACTCAAAGGAATTGACGGGGGCCCGCACAAGCGGTGGAGCATGTGGTTTAATTCGAAGCAACGCGAAGAACCTTACCAGGTCTTGACATCTAGTGCAAACCCTAGAGATAGGGTGTTTCCTTCGGGAACACTAAGACAGGTGGTGCATGGCTGTCGTCAGCTCGTGTCGTGAGATGTTGGGTTAAGTCCCGCAACGAGCGCAACCCTTATTATTAGTTGCCAGCATTAAGTTGGGCACTCTAATGAGACTGCCGGTGACAAACCGGAGGAAGGTGGGGACGACGTCAAGTCATCATGCCCCTTATGACCTGGGCTACACACGTGCTACAATGGTTAGTACAACGAGGAGCGAACCTGTGAAGGCAAGCGAATCTCTTAAAGCTAATCTCAGTTCGGATTGCACTCTGCAACTCGAGTGCATGAAGCTGGAATCGCTAGTAATCGCGGATCAGCATGCCGCGGTGAATACGTTCCCGGGCCTTGTACACACCGCCCGTCACACCATGAGAGTTTGTAATACCCAAAGCCGGTGAGATAACCTGTAAAGGAGTCAGCCGTCTAAGGTAGGACAGATGATTAGGGTGAAGTCGTAACAAGGTAGCCGTAGGAGAACCTGCGGCTGGATCACCTCCTTT
28,ESL0263,ATGAGAGTTTGATCCTGGCTCAGGACGAACGCTGGCGGCGTGCCTAATACATGCAAGTCGAGCGAGCAAAGTTAAAGGAATACTTCGGTAGGAATTTAATAGCGCGAGCGGCGGATGGGTGAGTAACACGTGGGCAATCTACCCTTTAGCTTGGGATACCACTTGGAAACAGGTGCTAATACCAAATAAGAAGTAAGAGCGCATGCTCAAGCTATGAAAGGCGGCTTTCGAGCTGTCACTAAAGGATGAGCCCGCGGTGCATTAGCTAGTTGGTAAGGTAACGGCTTACCAAGGCAATGATGCATAGCCGAGTTGAGAGACTGATCGGCCACATTGGGACTGAGACACGGCCCAAACTCCTACGGGAGGCAGCAGTAGGGAATCTTCCACAATGGACGCAAGTCTGATGGAGCAACGCCGCGTGAGTGAAGAAGGTTTTCGGATCGTAAAGCTCTGTTGTTGGTGAAGAAGGACATAGATAGTAACTGATCTATGTTTGACGGTAATCAACCAGAAAGTCACGGCTAACTACGTGCCAGCAGCCGCGGTAATACGTAGGTGGCAAGCGTTGTCCGGATTTATTGGGCGTAAAGCGAACGCAGGCGGGAGAACAAGTCAGCTGTGAAAGCCCTCGGCTTAACCGAGGAACGGCAACTGAAACTGTTTTTCTTGAGTGCAGAAGAGGAGAGTGGAACTCCATGTGTAGCGGTGAAATGCGTAGATATATGGAAGAACACCAGTGGCGAAGGCGGCTCTCTGGTCTGTAACTGACGCTGAGGTTCGAAAGCATGGGTAGCGAACAGGATTAGATACCCTGGTAGTCCATGCCGTAAACGATGAGTGCTAAGTGTTGGGAGGTTTCCGCCTCTCAGTGCTGCAGCTAACGCATTAAGCACTCCGCCTGGGGAGTACGACCGCAAGGTTAAAACTCAAAGGAATTGACGGGGGCCCGCACAAGCGGTGGAGCATGTGGTTTAATTCGAAGCAACGCGAAGAACCTTACCAGGTCTTGACATCTAGTGCAAACCCTAGAGATAGGGTGTTTCCTTCGGGAACACTAAGACAGGTGGTGCATGGCTGTCGTCAGCTCGTGTCGTGAGATGTTGGGTTAAGTCCCGCAACGAGCGCAACCCTTATTATTAGTTGCCAGCATTAAGTTGGGCACTCTAATGAGACTGCCGGTGACAAACCGGAGGAAGGTGGGGACGACGTCAAGTCATCATGCCCCTTATGACCTGGGCTACACACGTGCTACAATGGTTAGTACAACGAGGAGCGAACCTGTGAAGGCAAGCGAATCTCTTAAAGCTAATCTCAGTTCGGATTGCACTCTGCAACTCGAGTGCATGAAGCTGGAATCGCTAGTAATCGCGGATCAGCATGCCGCGGTGAATACGTTCCCGGGCCTTGTACACACCGCCCGTCACACCATGAGAGTTTGTAATACCCAAAGCCGGTGAGATAACCTGTAAAGGAGTCAGCCGTCTAAGGTAGGACAGATGATTAGGGTGAAGTCGTAACAAGGTAGCCGTAGGAGAACCTGCGGCTGGATCACCTCCTTT
29,ESL0183;ESL0262,ATGAGAGTTTGATCCTGGCTCAGGACGAACGCTGGCGGCGTGCCTAATACATGCAAGTCGAGCGAGCAATTTTGACGGAATACTTCGGTAGGAAGTCAGAAGCGCGAGCGGCGGATGGGTGAGTAACACGTGGGCAACCTGCCCTTTAGCTTGGGATACCACTTGGAAACAGGTGCTAATACCAAATAAGCAGCACGAGCGCATGCTCAAGCTGAGAAAGGTGGCTTTCGAGCTGTCACTAAAGGATGGGCCCGCGGTGCATTAGCTAGTTGGTAAGGTAACGGCTTACCAAGGCGATGATGCATAGCCGAGTTGAGAGACTGACCGGCCACATTGGGACTGAGACACGGCCCAAACTCCTACGGGAGGCAGCAGTAGGGAATCTTCCACAATGGACGCAAGTCTGATGGAGCAACGCCGCGTGAGTGAAGAAGGTTTTCGGATCGTAAAGCTCTGTTGTTGGTGAAGAAGGACAAGGGTAGTAACTGATTCTTGTTTGACGGTAATCAACCAGAAAGTCACGGCTAACTACGTGCCAGCAGCCGCGGTAATACGTAGGTGGCAAGCGTTGTCCGGATTTATTGGGCGTAAAGCGAACGCAGGCGGGAGAATAAGTCAGCTGTGAAAGCCCCCAGCTTAACTGGGGAAGTGCAACTGAAACTATTTTTCTTGAGTGCAGAAGAGGAGAGTGGAACTCCATGTGTAGCGGTGGAATGCGTAGATATATGGAAGAACACCAGTGGCGAAGGCGGCTCTCTGGTCTGTAACTGACGCTGAGGTTCGAAAGCATGGGTAGCGAACAGGATTAGATACCCTGGTAGTCCATGCCGTAAACGATGAGTGCTAAGTGTTGGGAGGTTTCCGCCTCTCAGTGCTGCAGCTAACGCATTAAGCACTCCGCCTGGGGAGTACGACCGCAAGGTTAAAACTCAAAGGAATTGACGGGGGCCCGCACAAGCGGTGGAGCATGTGGTTTAATTCGAAGCAACGCGAAGAACCTTACCAGGTCTTGACATCTAGTGCCAGTCCTAGAGATAGGATGTTTCCTTCGGGAACACTAAGACAGGTGGTGCATGGCTGTCGTCAGCTCGTGTCGTGAGATGTTGGGTTAAGTCCCGCAACGAGCGCAACCCTTATTATTAGTTGCCAGCATTAAGTTGGGCACTCTAATGAGACTGCCGGTGACAAACCGGAGGAAGGTGGGGACGACGTCAAGTCATCATGCCCCTTATGACCTGGGCTACACACGTGCTACAATGGTTAGTACAACGAGCAGCGAACCTGCAAAGGCAAGCGAATCTCTGAAAGCTAATCTCAGTTCGGATTGCACTCTGCAACTCGAGTGCATGAAGCTGGAATCGCTAGTAATCGCGGATCAGCACGCCGCGGTGAATACGTTCCCGGGCCTTGTACACACCGCCCGTCACACCATGAGAGTCTGTAATGCCCAAAGCCGGTAGGATAACCTGCAAAGGAGTCAGCCGTCTAAGGCAGGACAGATGATTAGGGTGAAGTCGTAACAAGGTAGCCGTAGGAGAACCTGCGGCTGGATCACCTCCTTT
30,ESL0183;ESL0262,ATGAGAGTTTGATCCTGGCTCAGGACGAACGCTGGCGGCGTGCCTAATACATGCAAGTCGAGCGAGCAATTTTGACGGAATACTTCGGTAGGAAGTCAGAAGCGCGAGCGGCGGATGGGTGAGTAACACGTGGGCAACCTGCCCTTTAGCTTGGGATACCACTTGGAAACAGGTGCTAATACCAAATAAGCAGCACGAGCGCATGCTCAAGCTGAGAAAGGCGGCTTTCGAGCTGTCACTAAAGGATGGGCCCGCGGTGCATTAGCTAGTTGGTAAGGTAACGGCTTACCAAGGCGATGATGCATAGCCGAGTTGAGAGACTGACCGGCCACATTGGGACTGAGACACGGCCCAAACTCCTACGGGAGGCAGCAGTAGGGAATCTTCCACAATGGACGCAAGTCTGATGGAGCAACGCCGCGTGAGTGAAGAAGGTTTTCGGATCGTAAAGCTCTGTTGTTGGTGAAGAAGGACAAGGGTAGTAACTGATTCTTGTTTGACGGTAATCAACCAGAAAGTCACGGCTAACTACGTGCCAGCAGCCGCGGTAATACGTAGGTGGCAAGCGTTGTCCGGATTTATTGGGCGTAAAGCGAACGCAGGCGGGAGAATAAGTCAGCTGTGAAAGCCCCCAGCTTAACTGGGGAAGTGCAACTGAAACTATTTTTCTTGAGTGCAGAAGAGGAGAGTGGAACTCCATGTGTAGCGGTGGAATGCGTAGATATATGGAAGAACACCAGTGGCGAAGGCGGCTCTCTGGTCTGTAACTGACGCTGAGGTTCGAAAGCATGGGTAGCGAACAGGATTAGATACCCTGGTAGTCCATGCCGTAAACGATGAGTGCTAAGTGTTGGGAGGTTTCCGCCTCTCAGTGCTGCAGCTAACGCATTAAGCACTCCGCCTGGGGAGTACGACCGCAAGGTTAAAACTCAAAGGAATTGACGGGGGCCCGCACAAGCGGTGGAGCATGTGGTTTAATTCGAAGCAACGCGAAGAACCTTACCAGGTCTTGACATCTAGTGCCAGTCCTAGAGATAGGATGTTTCCTTCGGGAACACTAAGACAGGTGGTGCATGGCTGTCGTCAGCTCGTGTCGTGAGATGTTGGGTTAAGTCCCGCAACGAGCGCAACCCTTATTATTAGTTGCCAGCATTAAGTTGGGCACTCTAATGAGACTGCCGGTGACAAACCGGAGGAAGGTGGGGACGACGTCAAGTCATCATGCCCCTTATGACCTGGGCTACACACGTGCTACAATGGTTAGTACAACGAGCAGCGAACCTGCAAAGGCAAGCGAATCTCTGAAAGCTAATCTCAGTTCGGATTGCACTCTGCAACTCGAGTGCATGAAGCTGGAATCGCTAGTAATCGCGGATCAGCACGCCGCGGTGAATACGTTCCCGGGCCTTGTACACACCGCCCGTCACACCATGAGAGTCTGTAATGCCCAAAGCCGGTAGGATAACCTGCAAAGGAGTCAGCCGTCTAAGGCAGGACAGATGATTAGGGTGAAGTCGTAACAAGGTAGCCGTAGGAGAACCTGCGGCTGGATCACCTCCTTT
31,ESL0183;ESL0262,ATGAGAGTTTGATCCTGGCTCAGGACGAACGCTGGCGGCGTGCCTAATACATGCAAGTCGAGCGAGCAATTTTGACGGAATACTTCGGTAGGAAGTCAGAAGCGCGAGCGGCGGATGGGTGAGTAACACGTGGGCAACCTGCCCTTTAGCTTGGGATACCACTTGGAAACAGGTGCTAATACCAAATAAGCAGCACGAGCGCATACTCGAGCTGAGAAAGGCGGCTTTCGAGCTGTCACTAAAGGATGGGCCCGCGGTGCATTAGCTAGTTGGTAAGGTAACGGCTTACCAAGGCGATGATGCATAGCCGAGTTGAGAGACTGACCGGCCACATTGGGACTGAGACACGGCCCAAACTCCTACGGGAGGCAGCAGTAGGGAATCTTCCACAATGGACGCAAGTCTGATGGAGCAACGCCGCGTGAGTGAAGAAGGTTTTCGGATCGTAAAGCTCTGTTGTTGGTGAAGAAGGACAAGGGTAGTAACTGATTCTTGTTTGACGGTAATCAACCAGAAAGTCACGGCTAACTACGTGCCAGCAGCCGCGGTAATACGTAGGTGGCAAGCGTTGTCCGGATTTATTGGGCGTAAAGCGAACGCAGGCGGGAGAATAAGTCAGCTGTGAAAGCCCCCAGCTTAACTGGGGAAGTGCAACTGAAACTATTTTTCTTGAGTGCAGAAGAGGAGAGTGGAACTCCATGTGTAGCGGTGGAATGCGTAGATATATGGAAGAACACCAGTGGCGAAGGCGGCTCTCTGGTCTGTAACTGACGCTGAGGTTCGAAAGCATGGGTAGCGAACAGGATTAGATACCCTGGTAGTCCATGCCGTAAACGATGAGTGCTAAGTGTTGGGAGGTTTCCGCCTCTCAGTGCTGCAGCTAACGCATTAAGCACTCCGCCTGGGGAGTACGACCGCAAGGTTAAAACTCAAAGGAATTGACGGGGGCCCGCACAAGCGGTGGAGCATGTGGTTTAATTCGAAGCAACGCGAAGAACCTTACCAGGTCTTGACATCTAGTGCCAGTCCTAGAGATAGGATGTTTCCTTCGGGAACACTAAGACAGGTGGTGCATGGCTGTCGTCAGCTCGTGTCGTGAGATGTTGGGTTAAGTCCCGCAACGAGCGCAACCCTTATTATTAGTTGCCAGCATTAAGTTGGGCACTCTAATGAGACTGCCGGTGACAAACCGGAGGAAGGTGGGGACGACGTCAAGTCATCATGCCCCTTATGACCTGGGCTACACACGTGCTACAATGGTTAGTACAACGAGCAGCGAACCTGCAAAGGCAAGCGAATCTCTGAAAGCTAATCTCAGTTCGGATTGCACTCTGCAACTCGAGTGCATGAAGCTGGAATCGCTAGTAATCGCGGATCAGCACGCCGCGGTGAATACGTTCCCGGGCCTTGTACACACCGCCCGTCACACCATGAGAGTCTGTAATGCCCAAAGCCGGTAGGATAACCTGCAAGGGAGTCAGCCGTCTAAGGCAGGACAGATGATTAGGGTGAAGTCGTAACAAGGTAGCCGTAGGAGAACCTGCGGCTGGATCACCTCCTTT
32,ESL0183;ESL0262,ATGAGAGTTTGATCCTGGCTCAGGACGAACGCTGGCGGCGTGCCTAATACATGCAAGTCGAGCGAGCAATTTTGACGGAATACTTCGGTAGGAAGTCAGAAGCGCGAGCGGCGGATGGGTGAGTAACACGTGGGCAACCTGCCCTTTAGCTTGGGATACCACTTGGAAACAGGTGCTAATACCAAATAAGCAGCACGAGCGCATGCTCGAGCTGAGAAAGGCGGCTTTCGAGCTGTCACTAAAGGATGGGCCCGCGGTGCATTAGCTAGTTGGTAAGGTAACGGCTTACCAAGGCGATGATGCATAGCCGAGTTGAGAGACTGACCGGCCACATTGGGACTGAGACACGGCCCAAACTCCTACGGGAGGCAGCAGTAGGGAATCTTCCACAATGGACGCAAGTCTGATGGAGCAACGCCGCGTGAGTGAAGAAGGTTTTCGGATCGTAAAGCTCTGTTGTTGGTGAAGAAGGACAAGGGTAGTAACTGATTCTTGTTTGACGGTAATCAACCAGAAAGTCACGGCTAACTACGTGCCAGCAGCCGCGGTAATACGTAGGTGGCAAGCGTTGTCCGGATTTATTGGGCGTAAAGCGAACGCAGGCGGGAGAATAAGTCAGCTGTGAAAGCCCCCAGCTTAACTGGGGAAGAGCAACTGAAACTATTTTTCTTGAGTGCAGAAGAGGAGAGTGGAACTCCATGTGTAGCGGTGGAATGCGTAGATATATGGAAGAACACCAGTGGCGAAGGCGGCTCTCTGGTCTGTAACTGACGCTGAGGTTCGAAAGCATGGGTAGCGAACAGGATTAGATACCCTGGTAGTCCATGCCGTAAACGATGAGTGCTAAGTGTTGGGAGGTTTCCGCCTCTCAGTGCTGCAGCTAACGCATTAAGCACTCCGCCTGGGGAGTACGACCGCAAGGTTAAAACTCAAAGGAATTGACGGGGGCCCGCACAAGCGGTGGAGCATGTGGTTTAATTCGAAGCAACGCGAAGAACCTTACCAGGTCTTGACATCTAGTGCCAGTCCTAGAGATAGGATGTTTCCTTCGGGAACACTAAGACAGGTGGTGCATGGCTGTCGTCAGCTCGTGTCGTGAGATGTTGGGTTAAGTCCCGCAACGAGCGCAACCCTTATTATTAGTTGCCAGCATTAAGTTGGGCACTCTAATGAGACTGCCGGTGACAAACCGGAGGAAGGTGGGGACGACGTCAAGTCATCATGCCCCTTATGACCTGGGCTACACACGTGCTACAATGGTTAGTACAACGAGCAGCGAACCTGCAAAGGCAAGCGAATCTCTGAAAGCTAATCTCAGTTCGGATTGCACTCTGCAACTCGAGTGCATGAAGCTGGAATCGCTAGTAATCGCGGATCAGCACGCCGCGGTGAATACGTTCCCGGGCCTTGTACACACCGCCCGTCACACCATGAGAGTCTGTAATGCCCAAAGCCGGTAGGATAACCTGCAAAGGAGTCAGCCGTCTAAGGCAGGACAGATGATTAGGGTGAAGTCGTAACAAGGTAGCCGTAGGAGAACCTGCGGCTGGATCACCTCCTTT
33,ESL0835,ATGAGAGTTTGATCCTGGCTCAGGACGAACGCTGGCGGCGTGCCTAATACATGCAAGTCGAGCGAGCAATTTTGACAGAATACTTCGGTAGGAAGTCAGAAGCGCGAGCGGCGGATGGGTGAGTAACACGTGGGCAACCTGCCCTTTAGCTTGGGATACCACTTGGAAACAGGTGCTAATACCAAATAAGCAGCACGAGCGCATGCTCGAGCTGAGAAAGGCGGCTTTCGAGCTGTCACTAAAGGATGGGCCCGCGGTGCATTAGCTAGTTGGTAAGGTAACGGCTTACCAAGGCGATGATGCATAGCCGAGTTGAGAGACTGACCGGCCACATTGGGACTGAGACACGGCCCAAACTCCTACGGGAGGCAGCAGTAGGGAATCTTCCACAATGGACGCAAGTCTGATGGAGCAACGCCGCGTGAGTGAAGAAGGTTTTCGGATCGTAAAGCTCTGTTGTTGGTGAAGAAGGACAAGGGTAGTAACTGATTCTTGTTTGACGGTAATCAACCAGAAAGTCACGGCTAACTACGTGCCAGCAGCCGCGGTAATACGTAGGTGGCAAGCGTTGTCCGGATTTATTGGGCGTAAAGCGAACGCAGGCGGGAGAATAAGTCAGCTGTGAAAGCCCCCAGCTTAACTGGGGAACTGCAACTGAAACTATTTTTCTTGAGTGCAGAAGAGGAGAGTGGAACTCCATGTGTAGCGGTGGAATGCGTAGATATATGGAAGAACACCAGTGGCGAAGGCGGCTCTCTGGTCTGTAACTGACGCTGAGGTTCGAAAGCATGGGTAGCGAACAGGATTAGATACCCTGGTAGTCCATGCCGTAAACGATGAGTGCTAAGTGTTGGGAGGTTTCCGCCTCTCAGTGCTGCAGCTAACGCATTAAGCACTCCGCCTGGGGAGTACGACCGCAAGGTTAAAACTCAAAGGAATTGACGGGGGCCCGCACAAGCGGTGGAGCATGTGGTTTAATTCGAAGCAACGCGAAGAACCTTACCAGGTCTTGACATCTAGTGCCAGTCCTAGAGATAGGATGTTTCCTTCGGGAACACTAAGACAGGTGGTGCATGGCTGTCGTCAGCTCGTGTCGTGAGATGTTGGGTTAAGTCCCGCAACGAGCGCAACCCTTATTATTAGTTGCCAGCATTAAGTTGGGCACTCTAATGAGACTGCCGGTGACAAACCGGAGGAAGGTGGGGACGACGTCAAGTCATCATGCCCCTTATGACCTGGGCTACACACGTGCTACAATGGTTAGTACAACGAGCAGCGAACCTGCAAAGGCAAGCGAATCTCTGAAAGCTAATCTCAGTTCGGATTGCACTCTGCAACTCGAGTGCATGAAGCTGGAATCGCTAGTAATCGCGGATCAGCACGCCGCGGTGAATACGTTCCCGGGCCTTGTACACACCGCCCGTCACACCATGAGAGTCTGTAATGCCCAAAGCCGGTAGGATAACCTGCAAAGGAGTCAGCCGTCTAAGGCAGGACAGATGATTAGGGTGAAGTCGTAACAAGGTAGCCGTAGGAGAACCTGCGGCTGGATCACCTCCTTT
34,ESL0835,ATGAGAGTTTGATCCTGGCTCAGGACGAACGCTGGCGGCGTGCCTAATACATGCAAGTCGAGCGAGCAATTTTGACGGAATACTTCGGTAGGAAGTCAGAAGCGCGAGCGGCGGATGGGTGAGTAACACGTGGGCAACCTGCCCTTTAGCTTGGGATACCACTTGGAAACAGGTGCTAATACCAAATAAGCAGCACGAGCGCATGCTCAAGCTGAGAAAGGCGGCTTTCGAGCTGTCACTAAAGGATGGGCCCGCGGTGCATTAGCTAGTTGGTAAGGTAACGGCTTACCAAGGCGATGATGCATAGCCGAGTTGAGAGACTGACCGGCCACATTGGGACTGAGACACGGCCCAAACTCCTACGGGAGGCAGCAGTAGGGAATCTTCCACAATGGACGCAAGTCTGATGGAGCAACGCCGCGTGAGTGAAGAAGGTTTTCGGATCGTAAAGCTCTGTTGTTGGTGAAGAAGGACAAGGGTAGTAACTGATTCTTGTTTGACGGTAATCAACCAGAAAGTCACGGCTAACTACGTGCCAGCAGCCGCGGTAATACGTAGGTGGCAAGCGTTGTCCGGATTTATTGGGCGTAAAGCGAACGCAGGCGGGAGAATAAGTCAGCTGTGAAAGCCCCCAGCTTAACTGGGGAACTGCAACTGAAACTATTTTTCTTGAGTGCAGAAGAGGAGAGTGGAACTCCATGTGTAGCGGTGGAATGCGTAGATATATGGAAGAACACCAGTGGCGAAGGCGGCTCTCTGGTCTGTAACTGACGCTGAGGTTCGAAAGCATGGGTAGCGAACAGGATTAGATACCCTGGTAGTCCATGCCGTAAACGATGAGTGCTAAGTGTTGGGAGGTTTCCGCCTCTCAGTGCTGCAGCTAACGCATTAAGCACTCCGCCTGGGGAGTACGACCGCAAGGTTAAAACTCAAAGGAATTGACGGGGGCCCGCACAAGCGGTGGAGCATGTGGTTTAATTCGAAGCAACGCGAAGAACCTTACCAGGTCTTGACATCTAGTGCCAGTCCTAGAGATAGGATGTTTCCTTCGGGAACACTAAGACAGGTGGTGCATGGCTGTCGTCAGCTCGTGTCGTGAGATGTTGGGTTAAGTCCCGCAACGAGCGCAACCCTTATTATTAGTTGCCAGCATTAAGTTGGGCACTCTAATGAGACTGCCGGTGACAAACCGGAGGAAGGTGGGGACGACGTCAAGTCATCATGCCCCTTATGACCTGGGCTACACACGTGCTACAATGGTTAGTACAACGAGCAGCGAACCTGCAAAGGCAAGCGAATCTCTGAAAGCTAATCTCAGTTCGGATTGCACTCTGCAACTCGAGTGCATGAAGCTGGAATCGCTAGTAATCGCGGATCAGCACGCCGCGGTGAATACGTTCCCGGGCCTTGTACACACCGCCCGTCACACCATGAGAGTCTGTAATGCCCAAAGCCGGTAGGATAACCTGCAAAGGAGTCAGCCGTCTAAGGCAGGACAGATGATTAGGGTGAAGTCGTAACAAGGTAGCCGTAGGAGAACCTGCGGCTGGATCACCTCCTTT
35,ESL0835,ATGAGAGTTTGATCCTGGCTCAGGACGAACGCTGGCGGCGTGCCTAATACATGCAAGTCGAGCGAGCAATTTTGACGGAATACTTCGGTAGGAAGTCAGAAGCGCGAGCGGCGGATGGGTGAGTAACACGTGGGCAACCTGCCCTTTAGCTTGGGATACCACTTGGAAACAGGTGCTAATACCAAATAAGCAGCACGAGCGCATGCTCGAGCTGAGAAAGGCGGCTTTCGAGCTGTCACTAAAGGATGGGCCCGCGGTGCATTAGCTAGTTGGTAAGGTAACGGCTTACCAAGGCGATGATGCATAGCCGAGTTGAGAGACTGACCGGCCACATTGGGACTGAGACACGGCCCAAACTCCTACGGGAGGCAGCAGTAGGGAATCTTCCACAATGGACGCAAGTCTGATGGAGCAACGCCGCGTGAGTGAAGAAGGTTTTCGGATCGTAAAGCTCTGTTGTTGGTGAAGAAGGACAAGGGTAGTAACTGATTCTTGTTTGACGGTAATCAACCAGAAAGTCACGGCTAACTACGTGCCAGCAGCCGCGGTAATACGTAGGTGGCAAGCGTTGTCCGGATTTATTGGGCGTAAAGCGAACGCAGGCGGGAGAATAAGTCAGCTGTGAAAGCCCCCAGCTTAACTGGGGAACTGCAACTGAAACTATTTTTCTTGAGTGCAGAAGAGGAGAGTGGAACTCCATGTGTAGCGGTGGAATGCGTAGATATATGGAAGAACACCAGTGGCGAAGGCGGCTCTCTGGTCTGTAACTGACGCTGAGGTTCGAAAGCATGGGTAGCGAACAGGATTAGATACCCTGGTAGTCCATGCCGTAAACGATGAGTGCTAAGTGTTGGGAGGTTTCCGCCTCTCAGTGCTGCAGCTAACGCATTAAGCACTCCGCCTGGGGAGTACGACCGCAAGGTTAAAACTCAAAGGAATTGACGGGGGCCCGCACAAGCGGTGGAGCATGTGGTTTAATTCGAAGCAACGCGAAGAACCTTACCAGGTCTTGACATCTAGTGCCAGTCCTAGAGATAGGATGTTTCCTTCGGGAACACTAAGACAGGTGGTGCATGGCTGTCGTCAGCTCGTGTCGTGAGATGTTGGGTTAAGTCCCGCAACGAGCGCAACCCTTATTATTAGTTGCCAGCATTAAGTTGGGCACTCTAATGAGACTGCCGGTGACAAACCGGAGGAAGGTGGGGACGACGTCAAGTCATCATGCCCCTTATGACCTGGGCTACACACGTGCTACAATGGTTAGTACAACGAGCAGCGAACCTGCAAAGGCAAGCGAATCTCTGAAAGCTAATCTCAGTTCGGATTGCACTCTGCAACTCGAGTGCATGAAGCTGGAATCGCTAGTAATCGCGGATCAGCACGCCGCGGTGAATACGTTCCCGGGCCTTGTACACACCGCCCGTCACACCATGAGAGTCTGTAATGCCCAAAGCCGGTAGGATAACCTGCAAAGGAGTCAGCCGTCTAAGGCAGGACAGATGATTAGGGTGAAGTCGTAACAAGGTAGCCGTAGGAGAACCTGCGGCTGGATCACCTCCTTT
36,ESL0835,ATGAGAGTTTGATCCTGGCTCAGGACGAACGCTGGCGGCGTGCCTAATACATGCAAGTCGAGCGAGCAATTTTGATGGAATACTTCGGTAGGAAGTCAGAAGCGCGAGCGGCGGATGGGTGAGTAACACGTGGGCAACCTGCCCTTTAGCTTGGGATACCACTTGGAAACAGGTGCTAATACCAAATAAGCAGCACGAGCGCATGCTCGAGCTGAGAAAGGCGGCTTTCGAGCTGTCACTAAAGGATGGGCCCGCGGTGCATTAGCTAGTTGGTAAGGTAACGGCTTACCAAGGCGATGATGCATAGCCGAGTTGAGAGACTGACCGGCCACATTGGGACTGAGACACGGCCCAAACTCCTACGGGAGGCAGCAGTAGGGAATCTTCCACAATGGACGCAAGTCTGATGGAGCAACGCCGCGTGAGTGAAGAAGGTTTTCGGATCGTAAAGCTCTGTTGTTGGTGAAGAAGGACAAGGGTAGTAACTGATTCTTGTTTGACGGTAATCAACCAGAAAGTCACGGCTAACTACGTGCCAGCAGCCGCGGTAATACGTAGGTGGCAAGCGTTGTCCGGATTTATTGGGCGTAAAGCGAACGCAGGCGGGAGAATAAGTCAGCTGTGAAAGCCCCCAGCTTAACTGGGGAACTGCAACTGAAACTATTTTTCTTGAGTGCAGAAGAGGAGAGTGGAACTCCATGTGTAGCGGTGGAATGCGTAGATATATGGAAGAACACCAGTGGCGAAGGCGGCTCTCTGGTCTGTAACTGACGCTGAGGTTCGAAAGCATGGGTAGCGAACAGGATTAGATACCCTGGTAGTCCATGCCGTAAACGATGAGTGCTAAGTGTTGGGAGGCTTCCGCCTCTCAGTGCTGCAGCTAACGCATTAAGCACTCCGCCTGGGGAGTACGACCGCAAGGTTAAAACTCAAAGGAATTGACGGGGGCCCGCACAAGCGGTGGAGCATGTGGTTTAATTCGAAGCAACGCGAAGAACCTTACCAGGTCTTGACATCTAGTGCCAGTCCTAGAGATAGGATGTTTCCTTCGGGAACACTAAGACAGGTGGTGCATGGCTGTCGTCAGCTCGTGTCGTGAGATGTTGGGTTAAGTCCCGCAACGAGCGCAACCCTTATTATTAGTTGCCAGCATTAAGTTGGGCACTCTAATGAGACTGCCGGTGACAAACCGGAGGAAGGTGGGGACGACGTCAAGTCATCATGCCCCTTATGACCTGGGCTACACACGTGCTACAATGGTTAGTACAACGAGCAGCGAACCTGCAAAGGCAAGCGAATCTCTGAAAGCTAATCTCAGTTCGGATTGCACTCTGCAACTCGAGTGCATGAAGCTGGAATCGCTAGTAATCGCGGATCAGCACGCCGCGGTGAATACGTTCCCGGGCCTTGTACACACCGCCCGTCACACCATGAGAGTCTGTAATGCCCAAAGCCGGTAGGATAACCTGCAAAGGAGTCAGCCGTCTAAGGCAGGACAGATGATTAGGGTGAAGTCGTAACAAGGTAGCCGTAGGAGAACCTGCGGCTGGATCACCTCCTTT
37,ESL0354,ATGAGAGTTTGATCCTGGCTCAGGACGAACGCTGGCGGCGTGCCTAATACATGCAAGTCGAGCGAGCAATTTTGACGGAATACTTCGGTAGGAAGTCAGAAGCGCGAGCGGCGGATGGGTGAGTAACACGTGGGCAACCTGCCCTTTAGCTTGGGATACCACTTGGAAACAGGTGCTAATACCAAATAAGCAGCACGAGCGCATGCTCGAGCTGAGAAAGGCGGCTTTCGAGCTGTCACTAAAGGATGGGCCCGCGGTGCATTAGCTAGTTGGTAAGGTAACGGCTTACCAAGGCGATGATGCATAGCCGAGTTGAGAGACTGACCGGCCACATTGGGACTGAGACACGGCCCAAACTCCTACGGGAGGCAGCAGTAGGGAATCTTCCACAATGGACGCAAGTCTGATGGAGCAACGCCGCGTGAGTGAAGAAGGTTTTCGGATCGTAAAGCTCTGTTGTTGGTGAAGAAGGACAAGGGTAGTAACTGATTCTTGTTTGACGGTAATCAACCAGAAAGTCACGGCTAACTACGTGCCAGCAGCCGCGGTAATACGTAGGTGGCAAGCGTTGTCCGGATTTATTGGGCGTAAAGCGAACGCAGGCGGGAGAATAAGTCAGCTGTGAAAGCCCCCAGCTTAACTGGGGAAGTGCAACTGAAACTATTTTTCTTGAGTGCAGAAGAGGAGAGTGGAACTCCATGTGTAGCGGTGGAATGCGTAGATATATGGAAGAACACCAGTGGCGAAGGCGGCTCTCTGGTCTGTAACTGACGCTGAGGTTCGAAAGCATGGGTAGCGAACAGGATTAGATACCCTGGTAGTCCATGCCGTAAACGATGAGTGCTAAGTGTTGGGAGGTTTCCGCCTCTCAGTGCTGCAGCTAACGCATTAAGCACTCCGCCTGGGGAGTACGACCGCAAGGTTAAAACTCAAAGGAATTGACGGGGGCCCGCACAAGCGGTGGAGCATGTGGTTTAATTCGAAGCAACGCGAAGAACCTTACCAGGTCTTGACATCTAGTGCCAGTCCTAGAGATAGGATGTTTCCTTCGGGAACACTAAGACAGGTGGTGCATGGCTGTCGTCAGCTCGTGTCGTGAGATGTTGGGTTAAGTCCCGCAACGAGCGCAACCCTTATTATTAGTTGCCAGCATTAAGTTGGGCACTCTAATGAGACTGCCGGTGACAAACCGGAGGAAGGTGGGGACGACGTCAAGTCATCATGCCCCTTATGACCTGGGCTACACACGTGCTACAATGGTTAGTACAACGAGCAGCGAACCTGCAAAGGCAAGCGAATCTCTGAAAGCTAATCTCAGTTCGGATTGCACTCTGCAACTCGAGTGCATGAAGCTGGAATCGCTAGTAATCGCGGATCAGCACGCCGCGGTGAATACGTTCCCGGGCCTTGTACACACCGCCCGTCACACCATGAGAGTCTGTAATGCCCAAAGCCGGTAGGATAACCTGCAAAGGAGTCAGCCGTCTAAGGCAGGACAGATGATTAGGGTGAAGTCGTAACAAGGTAGCCGTAGGAGAACCTGCGGCTGGATCACCTCCTTT
38,ESL0393,ATTGAGAGTTTGATCCTGGCTCAGGACGAACGCTGGCGGCGTGCCTAATACATGCAAGTCGAGCGCGGGAAGTCAGGGAAGCCTTCGGGTGGAACTGGTGGAACGAGCGGCGGATGGGTGAGTAACACGTAGGTAACCTGCCCTAAAGCGGGGGATACCATCTGGAAACAGGTGCTAATACCGCATAACCCCAGCAGTCACATGAGTGCTGGTTGAAAGACGGCTTCGGCTGTCACTTTAGGATGGACCTGCGGCGTATTAGCTAGTTGGTGGAGTAACGGTTCACCAAGGCGATGATACGTAGCCGACCTGAGAGGGTAATCGGCCACATTGGGACTGAGACACGGCCCAAACTCCTACGGGAGGCAGCAGTAGGGAATCTTCCACAATGGACGCAAGTCTGATGGAGCAACGCCGCGTGGATGAAGAAGGTCTTCGGATCGTAAAATCCTGTTGTTGAAGAAGAACGGTTGTGAGAGTAACTGCTCATAGCGTGACGGTAATCAACCAGAAAGTCACGGCTAACTACGTGCCAGCAGCCGCGGTAATACGTAGGTGGCAAGCGTTGTCCGGATTTATTGGGCGTAAAGGGAGCGCAGGCGGTCTTTTAAGTCTGAATGTGAAAGCCCTCAGCTTAACTGAGGAAGAGCATCGGAAACTGAAAGACTTGAGTGCAGAAGAGGAGAGTGGAACTCCATGTGTAGCGGTGAAATGCGTAGATATATGGAAGAACACCAGTGGCGAAGGCGGCTCTCTGGTCTGTTACTGACGCTGAGGCTCGAAAGCATGGGTAGCGAACAGGATTAGATACCCTGGTAGTCCATGCCGTAAACGATGAGTGCTAAGTGTTGGGAGGTTTCCGCCTCTCAGTGCTGCAGCTAACGCATTAAGCACTCCGCCTGGGGAGTACGACCGCAAGGTTGAAACTCAAAGGAATTGACGGGGGCCCGCACAAGCGGTGGAGCATGTGGTTTAATTCGAAGCAACGCGAAGAACCTTACCAGGTCTTGACATCTCCTGCAAGCCTAAGAGATTAGGGGTTCCCTTCGGGGACAGGAAGACAGGTGGTGCATGGTTGTCGTCAGCTCGTGTCGTGAGATGTTGGGTTAAGTCCCGCAACGAGCGCAACCCTTGTTACTAGTTGCCAGCATTAAGTTGGGCACTCTAGTGAGACTGCCGGTGACAAACCGGAGGAAGGTGGGGACGACGTCAAATCATCATGCCCCTTATGACCTGGGCTACACACGTGCTACAATGGATGGTACAATGAGAAGCGAACTCGCGAGGGGAAGCTGATCTCTGAAAACCATTCTCAGTTCGGATTGCAGGCTGCAACTCGCCTGCATGAAGCTGGAATCGCTAGTAATCGCGGATCAGCATGCCGCGGTGAATACGTTCCCGGGCCTTGTACACACCGCCCGTCACACCATGAGAGTTTGTAACACCCAAAGCCGGTGGGGTAACCCTTCGGGGAGCTAGCCGTCTAAGGTGGGACAAATGATTAGGGTGAAGTCGTAACAAGGTAGCCGTAGGAGAACCTGCGGCTGGATCACCTCCTTT
39,ESL0393,ATTGAGAGTTTGATCCTGGCTCAGGACGAACGCTGGCGGCGTGCCTAATACATGCAAGTCGAGCGCGGGAAGTCAGGGAAGCCTTCGGGTGGAACTGGTGGAACGAGCGGCGGATGGGTGAGTAACACGTAGGTAACCTGCCCTAAAGCGGGGGATACCATCTGGAAACAGGTGCTAATACCGCATAACCCCAGCAGTCACATGAGTGCTGGTTGAAAGACGGCTTCGGCTGTCACTTTAGGATGGACCTGCGGCGTATTAGCTAGTTGGTGGAGTAACGGTTCACCAAGGCAATGATACGTAGCCGACCTGAGAGGGTAATCGGCCACATTGGGACTGAGACACGGCCCAAACTCCTACGGGAGGCAGCAGTAGGGAATCTTCCACAATGGACGCAAGTCTGATGGAGCAACGCCGCGTGGATGAAGAAGGTCTTCGGATCGTAAAATCCTGTTGTTGAAGAAGAACGGTTGTGAGAGTAACTGCTCATAGCGTGACGGTAATCAACCAGAAAGTCACGGCTAACTACGTGCCAGCAGCCGCGGTAATACGTAGGTGGCAAGCGTTGTCCGGATTTATTGGGCGTAAAGGGAGCGCAGGCGGTCTTTTAAGTCTGAATGTGAAAGCCCTCAGCTTAACTGAGGAAGAGCATCGGAAACTGAAAGACTTGAGTGCAGAAGAGGAGAGTGGAACTCCATGTGTAGCGGTGAAATGCGTAGATATATGGAAGAACACCAGTGGCGAAGGCGGCTCTCTGGTCTGTTACTGACGCTGAGGCTCGAAAGCATGGGTAGCGAACAGGATTAGATACCCTGGTAGTCCATGCCGTAAACGATGAGTGCTAAGTGTTGGGAGGTTTCCGCCTCTCAGTGCTGCAGCTAACGCATTAAGCACTCCGCCTGGGGAGTACGACCGCAAGGTTGAAACTCAAAGGAATTGACGGGGGCCCGCACAAGCGGTGGAGCATGTGGTTTAATTCGAAGCAACGCGAAGAACCTTACCAGGTCTTGACATCTCCTGCAAGCCTAAGAGATTAGGGGTTCCCTTCGGGGACAGGAAGACAGGTGGTGCATGGTTGTCGTCAGCTCGTGTCGTGAGATGTTGGGTTAAGTCCCGCAACGAGCGCAACCCTTGTTACTAGTTGCCAGCATTAAGTTGGGCACTCTAGTGAGACTGCCGGTGACAAACCGGAGGAAGGTGGGGACGACGTCAAATCATCATGCCCCTTATGACCTGGGCTACACACGTGCTACAATGGATGGTACAATGAGAAGCGAACTCGCGAGGGGAAGCTGATCTCTGAAAACCATTCTCAGTTCGGATTGCAGGCTGCAACTCGCCTGCATGAAGCTGGAATCGCTAGTAATCGCGGATCAGCATGCCGCGGTGAATACGTTCCCGGGCCTTGTACACACCGCCCGTCACACCATGAGAGTTTGTAACACCCAAAGCCGGTGGGGTAACCCTTCGGGGAGCTAGCCGTCTAAGGTGGGACAAATGATTAGGGTGAAGTCGTAACAAGGTAGCCGTAGGAGAACCTGCGGCTGGATCACCTCCTTT
40,ESL0259,ATGAGAGTTTGATCCTGGCTCAGGACGAACGCTGGCGGCGTGCCTAATACATGCAAGTCGAGCGAGCAATTTTGACGGAATACTTCGGTAGGAAGTCAGAAGCGCGAGCGGCGGATGGGTGAGTAACACGTGGGCAACCTGCCCTTTAGCTTGGGATACCACTTGGAAACAGGTGCTAATACCAAATAAGCAGCAAGAGCGCATGCTCAAGCTGAGAAAGGCGGCTTTCGAGCTGTCACTAAAGGATGGGCCCGCGGTGCATTAGCTAGTTGGTAAGGTAAAGGCCTACCAAGGCGATGATGCATAGCCGAGTTGAGAGACTGACCGGCCACATTGGGACTGAGACACGGCCCAAACTCCTACGGGAGGCAGCAGTAGGGAATCTTCCACAATGGACGCAAGTCTGATGGAGCAACGCCGCGTGAGTGAAGAAGGTTTTCGGATCGTAAAGCTCTGTTGTTGGTGAAGAAGGACAAGGGTAGTAACTGATCTTTGTTTGACGGTAATCAACCAGAAAGTCACGGCTAACTACGTGCCAGCAGCCGCGGTAATACGTAGGTGGCAAGCGTTGTCCGGATTTATTGGGCGTAAAGCGAACGCAGGCGGGAAGATAAGTCAGCTGTGAAAGCCCCCAGCTTAACTGGGGAACTGCAGCTGAAACTATGTTTCTTGAGTGCAGAAGAGGAGAGTGGAACTCCATGTGTAGCGGTGGAATGCGTAGATATATGGAAGAACACCAGTGGCGAAGGCGGCTCTCTGGTCTGTAACTGACGCTGAGGTTCGAAAGCATGGGTAGCGAACAGGATTAGATACCCTGGTAGTCCATGCCGTAAACGATGAGTGCTAAGTGTTGGGAGGTTTCCGCCTCTCAGTGCTGCAGCTAACGCATTAAGCACTCCGCCTGGGGAGTACGACCGCAAGGTTAAAACTCAAAGGAATTGACGGGGGCCCGCACAAGCGGTGGAGCATGTGGTTTAATTCGAAGCAACGCGAAGAACCTTACCAGGTCTTGACATCTAGTGCTAGTCCTAGAGATAGGATGTTTCCTTCGGGAACACTAAGACAGGTGGTGCATGGCTGTCGTCAGCTCGTGTCGTGAGATGTTGGGTTAAGTCCCGCAACGAGCGCAACCCTTATTATTAGTTGCCAGCATTAAGTTGGGCACTCTAATGAGACTGCCGGTGACAAACCGGAGGAAGGTGGGGACGACGTCAAGTCATCATGCCCCTTATGACCTGGGCTACACACGTGCTACAATGGTTAGTACAACGAGCAGCGAACCTGCAAAGGCAAGCGAATCTCTGAAAGCTAATCTCAGTTCGGATTGCACTCTGCAACTCGAGTGCATGAAGCTGGAATCGCTAGTAATCGCGGATCAGCACGCCGCGGTGAATACGTTCCCGGGCCTTGTACACACCGCCCGTCACACCATGAGAGTCTGTAATGCCCAAAGCCGGTGGGATAACCTGCAAAGGAGTCAGCCGTCTAAGGCAGGACAGATGATTAGGGTGAAGTCGTAACAAGGTAGCCGTAGGAGAACCTGCGGCTGGATCACCTCCTTT
41,ESL0259,ATGAGAGTTTGATCCTGGCTCAGGACGAACGCTGGCGGCGTGCCTAATACATGCAAGTCGAGCGAGCAATTTTGACGGAATACTTCGGTAGGAAGTTAAGAGCGCGAGCGGCGGATGGGTGAGTAACACGTGGGCAACCTGCCCTTTAGCTTGGGATACCACTTGGAAACAGGTGCTAATACCAAATAAGCAGCAAGAGCGCATGCTCAAGCTGAGAAAGGCGGCTTTGGAGCTGTCACTAAAGGATGGGCCCGCGGTGCATTAGCTAGTTGGTAAGGTAAAGGCCTACCAAGGCGATGATGCATAGCCGAGTTGAGAGACTGACCGGCCACATTGGGACTGAGACACGGCCCAAACTCCTACGGGAGGCAGCAGTAGGGAATCTTCCACAATGGACGCAAGTCTGATGGAGCAACGCCGCGTGAGTGAAGAAGGTTTTCGGATCGTAAAGCTCTGTTGTTGGTGAAGAAGGACAAGGGTAGTAACTGATCTTTGTTTGACGGTAATCAACCAGAAAGTCACGGCTAACTACGTGCCAGCAGCCGCGGTAATACGTAGGTGGCAAGCGTTGTCCGGATTTATTGGGCGTAAAGCGAACGCAGGCGGGAAGATAAGTCAGCTGTGAAAGCCCCCAGCTTAACTGGGGAACTGCAGCTGAAACTATGTTTCTTGAGTGCAGAAGAGGAGAGTGGAACTCCATGTGTAGCGGTGGAATGCGTAGATATATGGAAGAACACCAGTGGCGAAGGCGGCTCTCTGGTCTGTAACTGACGCTGAGGTTCGAAAGCATGGGTAGCGAACAGGATTAGATACCCTGGTAGTCCATGCCGTAAACGATGAGTGCTAAGTGTTGGGAGGTTTCCGCCTCTCAGTGCTGCAGCTAACGCATTAAGCACTCCGCCTGGGGAGTACGACCGCAAGGTTAAAACTCAAAGGAATTGACGGGGGCCCGCACAAGCGGTGGAGCATGTGGTTTAATTCGAAGCAACGCGAAGAACCTTACCAGGTCTTGACATCTAGTGCCAGTCCTAGAGATAGGATGTTTCCTTCGGGAACACTAAGACAGGTGGTGCATGGCTGTCGTCAGCTCGTGTCGTGAGATGTTGGGTTAAGTCCCGCAACGAGCGCAACCCTTATTATTAGTTGCCAGCATTAAGTTGGGCACTCTAATGAGACTGCCGGTGACAAACCGGAGGAAGGTGGGGACGACGTCAAGTCATCATGCCCCTTATGACCTGGGCTACACACGTGCTACAATGGTTAGTACAACGAGCAGCGAACCTGCAAAGGCAAGCGAATCTCTGAAAGCTAATCTCAGTTCGGATTGCACTCTGCAACTCGAGTGCATGAAGCTGGAATCGCTAGTAATCGCGGATCAGCACGCCGCGGTGAATACGTTCCCGGGCCTTGTACACACCGCCCGTCACACCATGAGAGTCTGTAATGCCCAAAGCCGGTGGGATAACCTGCAAAGGAGTCAGCCGTCTAAGGCAGGACAGATGATTAGGGTGAAGTCGTAACAAGGTAGCCGTAGGAGAACCTGCGGCTGGATCACCTCCTTT
42,ESL0259,ATGAGAGTTTGATCCTGGCTCAGGACGAACGCTGGCGGCGTGCCTAATACATGCAAGTCGAGCGAGCGCTTTTAACAGAATACTTCGGTAGGAAGTCAGAAGCGCGAGCGGCGGATGGGTGAGTAACACGTGGGCAACCTGCCCTTTAGCTTGGGATACCACTTGGAAACAGGTGCTAATACCAAATAAGCAGCAAGAGCGCATGCTCAAGCTGAGAAAGGCGGCTTTGGAGCTGTCACTAAAGGATGGGCCCGCGGTGCATTAGCTAGTTGGTAAGGTAAAGGCCTACCAAGGCGATGATGCATAGCCGAGTTGAGAGACTGACCGGCCACATTGGGACTGAGACACGGCCCAAACTCCTACGGGAGGCAGCAGTAGGGAATCTTCCACAATGGACGCAAGTCTGATGGAGCAACGCCGCGTGAGTGAAGAAGGTTTTCGGATCGTAAAGCTCTGTTGTTGGTGAAGAAGGACAAGGGTAGTAACTGATCTTTGTTTGACGGTAATCAACCAGAAAGTCACGGCTAACTACGTGCCAGCAGCCGCGGTAATACGTAGGTGGCAAGCGTTGTCCGGATTTATTGGGCGTAAAGCGAACGCAGGCGGGAAGATAAGTCAGCTGTGAAAGCCCCCAGCTTAACTGGGGAATTGCAGCTGAAACTATGTTTCTTGAGTGCAGAAGAGGAGAGTGGAACTCCATGTGTAGCGGTGGAATGCGTAGATATATGGAAGAACACCAGTGGCGAAGGCGGCTCTCTGGTCTGTAACTGACGCTGAGGTTCGAAAGCATGGGTAGCGAACAGGATTAGATACCCTGGTAGTCCATGCCGTAAACGATGAGTGCTAAGTGTTGGGAGGTTTCCGCCTCTCAGTGCTGCAGCTAACGCATTAAGCACTCCGCCTGGGGAGTACGACCGCAAGGTTAAAACTCAAAGGAATTGACGGGGGCCCGCACAAGCGGTGGAGCATGTGGTTTAATTCGAAGCAACGCGAAGAACCTTACCAGGTCTTGACATCTAGTGCCAGTCCTAGAGATAGGATGTTTCCTTCGGGAACACTAAGACAGGTGGTGCATGGCTGTCGTCAGCTCGTGTCGTGAGATGTTGGGTTAAGTCCCGCAACGAGCGCAACCCTTATTATTAGTTGCCAGCATTAAGTTGGGCACTCTAATGAGACTGCCGGTGACAAACCGGAGGAAGGTGGGGACGACGTCAAGTCATCATGCCCCTTATGACCTGGGCTACACACGTGCTACAATGGTTAGTACAACGAGCAGCGAACCTGCAAAGGCAAGCGAATCTCTGAAAGCTAATCTCAGTTCGGATTGCACTCTGCAACTCGAGTGCATGAAGCTGGAATCGCTAGTAATCGCGGATCAGCACGCCGCGGTGAATACGTTCCCGGGCCTTGTACACACCGCCCGTCACACCATGAGAGTCTGTAATGCCCAAAGCCGGTGGGATAACCTGCAAAGGAGTCAGCCGTCTAAGGCAGGACAGATGATTAGGGTGAAGTCGTAACAAGGTAGCCGTAGGAGAACCTGCGGCTGGATCACCTCCTTT
43,ESL0259,CGAGCGGCGGATGGGTGAGTAACACGTGGGCAACCTGCCCTTTAGCTTGGGATACCACTTGGAAACAGGTGCTAATACCAAATAAGCAGCAAGAGCGCATGCTCAAGCTGAGAAAGGCGGCTTTGGAGCTGTCACTAAAGGATGGGCCCGCGGTGCATTAGCTAGTTGGTAAGGTAAAGGCCTACCAAGGCGATGATGCATAGCCGAGTTGAGAGACTGACCGGCCACATTGGGACTGAGACACGGCCCAAACTCCTACGGGAGGCAGCAGTAGGGAATCTTCCACAATGGACGCAAGTCTGATGGAGCAACGCCGCGTGAGTGAAGAAGGTTTTCGGATCGTAAAGCTCTGTTGTTGGTGAAGAAGGACAAGGGTAGTAACTGATCTTTGTTTGACGGTAATCAACCAGAAAGTCACGGCTAACTACGTGCCAGCAGCCGCGGTAATACGTAGGTGGCAAGCGTTGTCCGGATTTATTGGGCGTAAAGCGAACGCAGGCGGGAAGATAAGTCAGCTGTGAAAGCCCCCAGCTTAACTGGGGAATTGCAGCTGAAACTATGTTTCTTGAGTGCAGAAGAGGAGAGTGGAACTCCATGTGTAGCGGTGGAATGCGTAGATATATGGAAGAACACCAGTGGCGAAGGCGGCTCTCTGGTCTGTAACTGACGCTGAGGTTCGAAAGCATGGGTAGCGAACAGGATTAGATACCCTGGTAGTCCATGCCGTAAACGATGAGTGCTAAGTGTTGGGAGGTTTCCGCCTCTCAGTGCTGCAGCTAACGCATTAAGCACTCCGCCTGGGGAGTACGACCGCAAGGTTAAAACTCAAAGGAATTGACGGGGGCCCGCACAAGCGGTGGAGCATGTGGTTTAATTCGAAGCAACGCGAAGAACCTTACCAGGTCTTGACATCTAGTGCCAGTCCTAGAGATAGGATGTTTCCTTCGGGAACACTAAGACAGGTGGTGCATGGCTGTCGTCAGCTCGTGTCGTGAGATGTTGGGTTAAGTCCCGCAACGAGCGCAACCCTTATTATTAGTTGCCAGCATTAAGTTGGGCACTCTAATGAGACTGCCGGTGACAAACCGGAGGAAGGTGGGGACGACGTCAAGTCATCATGCCCCTTATGACCTGGGCTACACACGTGCTACAATGGTTAGTACAACGAGCAGCGAACCTGCAAAGGCAAGCGAATCTCTGAAAGCTAATCTCAGTTCGGATTGCACTCTGCAACTCGAGTGCATGAAGCTGGAATCGCTAGTAATCGCGGATCAGCACGCCGCGGTGAATACGTTCCCGGGCCTTGTACACACCGCCCGTCACACCATGAGAGTCTGTAATGCCCAAAGCCGGTGGGATAACCTGCAAAGGAGTCAGCCGTCTAAGGCAGGACAGATGATTAGGGTGAAGTCGTAACAAGGTAGCTGTAGGAGAACCTGCGGCTGGATCACCTCCTTT
44,ESL0260,ATGAGAGTTTGATCCTGGCTCAGGACGAACGCTGGCGGCGTGCCTAATACATGCAAGTCGAGCGAGCAATTTTAACGGAATACTTCGGTAGGAAGTTAGAAGCGCGAGCGGCGGATGGGTGAGTAACACGTGGGCAACCTGCCCTTTAGCTTGGGATACCACTTGGAAACAGGTGCTAATACCAAATAAGAAGCAAGAGCGCATGCTCAAGCAGTAAAAGGCGGCTTTCGAGCTGTCACTAAAGGATGGGCCCGCGGTGCATTAGCTAGTTGGTAAGGTAACGGCCTACCAAGGCGATGATGCATAGCCGAGTTGAGAGACTGACCGGCCACATTGGGACTGAGACACGGCCCAAACTCCTACGGGAGGCAGCAGTAGGGAATCTTCCACAATGGACGCAAGTCTGATGGAGCAACGCCGCGTGAGTGAAGAAGGTTTTCGGATCGTAAAGCTCTGTTGTTGGTGAAGAAGGACAAGGTTAGTAACTGATCTTTGTTTGACGGTAATCAACCAGAAAGTCACGGCTAACTACGTGCCAGCAGCCGCGGTAATACGTAGGTGGCAAGCGTTGTCCGGATTTATTGGGCGTAAAGCGAACGCAGGCGGGAAGATAAGTCAGCTGTGAAAGCCCCCAGCTTAACTGGGGAACTGCAGCTGAAACTATGTTTCTTGAGTGCAGAAGAGGAGAGTGGAACTCCATGTGTAGCGGTGGAATGCGTAGATATATGGAAGAACACCAGTGGCGAAGGCGGCTCTCTGGTCTGTAACTGACGCTGAGGTTCGAAAGCATGGGTAGCGAACAGGATTAGATACCCTGGTAGTCCATGCCGTAAACGATGAGTGCTAAGTGTTGGGAGGTTTCCGCCTCTCAGTGCTGCAGCTAACGCATTAAGCACTCCGCCTGGGGAGTACGACCGCAAGGTTAAAACTCAAAGGAATTGACGGGGGCCCGCACAAGCGGTGGAGCATGTGGTTTAATTCGAAGCAACGCGAAGAACCTTACCAGGTCTTGACATCTAGTGCTAGTCCTAGAGATAGGATGTTTCCTTCGGGAACACTAAGACAGGTGGTGCATGGCTGTCGTCAGCTCGTGTCGTGAGATGTTGGGTTAAGTCCCGCAACGAGCGCAACCCTTATTATTAGTTGCCAGCATTAAGTTGGGCACTCTAATGAGACTGCCGGTGACAAACCGGAGGAAGGTGGGGACGACGTCAAGTCATCATGCCCCTTATGACCTGGGCTACACACGTGCTACAATGGTTAGTACAACGAGCAGCGAACCTGCAAAGGCAAGCGAATCTCTGAAAGCTAATCTCAGTTCGGATTGCACTCTGCAACTCGAGTGCATGAAGCTGGAATCGCTAGTAATCGCGGATCAGCACGCCGCGGTGAATACGTTCCCGGGCCTTGTACACACCGCCCGTCACACCATGAGAGTCTGTAATGCCCAAAGCCGGTGGGATAACCTGCAAAGGAGTCAGCCGTCTAAGGCAGGACAGATGATTAGGGTGAAGTCGTAACAAGGTAGCCGTAGGAGAACCTGCGGCTGGATCACCTCCTTT
45,ESL0260,ATGAGAGTTTGATCCTGGCTCAGGACGAACGCTGGCGGCGTGCCTAATACATGCAAGTCGAGCGAGCAATTTTGACGGAATACTTCGGTAGGAAGTCAGAAGCGCGAGCGGCGGATGGGTGAGTAACACGTGGGCAACCTGCCCTTTAGCTTGGGATACCACTTGGAAACAGGTGCTAATACCAAATAAGCAGCAAGAGCGCATGCTCAAGCTGAGAAAGGCGGCTTTCGAGCTGTCACTAAAGGATGGGCCCGCGGTGCATTAGCTAGTTGGTAAGGTAACGGCCTACCAAGGCGATGATGCATAGCCGAGTTGAGAGACTGACCGGCCACATTGGGACTGAGACACGGCCCAAACTCCTACGGGAGGCAGCAGTAGGGAATCTTCCACAATGGACGCAAGTCTGATGGAGCAACGCCGCGTGAGTGAAGAAGGTTTTCGGATCGTAAAGCTCTGTTGTTGGTGAAGAAGGACAAGGTTAGTAACTGATCTTTGTTTGACGGTAATCAACCAGAAAGTCACGGCTAACTACGTGCCAGCAGCCGCGGTAATACGTAGGTGGCAAGCGTTGTCCGGATTTATTGGGCGTAAAGCGAACGCAGGCGGGAAGATAAGTCAGCTGTGAAAGCCCCCAGCTTAACTGGGGAACTGCAGCTGAAACTATGTTTCTTGAGTGCAGAAGAGGAGAGTGGAACTCCATGTGTAGCGGTGGAATGCGTAGATATATGGAAGAACACCAGTGGCGAAGGCGGCTCTCTGGTCTGTAACTGACGCTGAGGTTCGAAAGCATGGGTAGCGAACAGGATTAGATACCCTGGTAGTCCATGCCGTAAACGATGAGTGCTAAGTGTTGGGAGGTTTCCGCCTCTCAGTGCTGCAGCTAACGCATTAAGCACTCCGCCTGGGGAGTACGACCGCAAGGTTAAAACTCAAAGGAATTGACGGGGGCCCGCACAAGCGGTGGAGCATGTGGTTTAATTCGAAGCAACGCGAAGAACCTTACCAGGTCTTGACATCTAGTGCTAGTCCTAGAGATAGGATGTTTCCTTCGGGAACACTAAGACAGGTGGTGCATGGCTGTCGTCAGCTCGTGTCGTGAGATGTTGGGTTAAGTCCCGCAACGAGCGCAACCCTTATTATTAGTTGCCAGCATTAAGTTGGGCACTCTAATGAGACTGCCGGTGACAAACCGGAGGAAGGTGGGGACGACGTCAAGTCATCATGCCCCTTATGACCTGGGCTACACACGTGCTACAATGGTTAGTACAACGAGCAGCGAACCTGCAAAGGCAAGCGAATCTCTGAAAGCTAATCTCAGTTCGGATTGCACTCTGCAACTCGAGTGCATGAAGCTGGAATCGCTAGTAATCGCGGATCAGCACGCCGCGGTGAATACGTTCCCGGGCCTTGTACACACCGCCCGTCACACCATGAGAGTCTGTAATGCCCAAAGCCGGTGGGATAACCTGCAAAGGAGTCAGCCGTCTAAGGCAGGACAGATGATTAGGGTGAAGTCGTAACAAGGTAGCCGTAGGAGAACCTGCGGCTGGATCACCTCCTTT
46,ESL0260,ATGAGAGTTTGATCCTGGCTCAGGACGAACGCTGGCGGCGTGCCTAATACATGCAAGTCGAGCGAGCAATTTTGACGGAATACTTCGGTAGGAAGTCAGAAGCGCGAGCGGCGGATGGGTGAGTAACACGTGGGCAACCTGCCCTTTAGCTTGGGATACCACTTGGAAACAGGTGCTAATACCAAATAAGCAGCAAGAGCGCATGCTCAAGCTGAGAAAGGCGGCTTTCGAGCTGTCACTAAAGGATGGGCCCGCGGTGCATTAGCTAGTTGGTAAGGTAACGGCCTACCAAGGCAATGATGCATAGCCGAGTTGAGAGACTGACCGGCCACATTGGGACTGAGACACGGCCCAAACTCCTACGGGAGGCAGCAGTAGGGAATCTTCCACAATGGACGCAAGTCTGATGGAGCAACGCCGCGTGAGTGAAGAAGGTTTTCGGATCGTAAAGCTCTGTTGTTGGTGAAGAAGGACAAGGGTAGTAACTGATTTTTGTTTGACGGTAATCAACCAGAAAGTCACGGCTAACTACGTGCCAGCAGCCGCGGTAATACGTAGGTGGCAAGCGTTGTCCGGATTTATTGGGCGTAAAGCGAACGCAGGCGGGAAGATAAGTCAGCTGTGAAAGCCCCCAGCTTAACTGGGGAACTGCAGCTGAAACTATGTTTCTTGAGTGCAGAAGAGGAGAGTGGAACTCCATGTGTAGCGGTGGAATGCGTAGATATATGGAAGAACACCAGTGGCGAAGGCGGCTCTCTGGTCTGTAACTGACGCTGAGGTTCGAAAGCATGGGTAGCGAACAGGATTAGATACCCTGGTAGTCCATGCCGTAAACGATGAGTGCTAAGTGTTGGGAGGTTTCCGCCTCTCAGTGCTGCAGCTAACGCATTAAGCACTCCGCCTGGGGAGTACGACCGCAAGGTTAAAACTCAAAGGAATTGACGGGGGCCCGCACAAGCGGTGGAGCATGTGGTTTAATTCGAAGCAACGCGAAGAACCTTACCAGGTCTTGACATCTAGTGCCAGTCCTAGAGATAGGATGTTTCCTTCGGGAACACTAAGACAGGTGGTGCATGGCTGTCGTCAGCTCGTGTCGTGAGATGTTGGGTTAAGTCCCGCAACGAGCGCAACCCTTATTATTAGTTGCCAGCATTAAGTTGGGCACTCTAATGAGACTGCCGGTGACAAACCGGAGGAAGGTGGGGACGACGTCAAGTCATCATGCCCCTTATGACCTGGGCTACACACGTGCTACAATGGTTAGTACAACGAGCAGCGAACCTGCAAAGGCAAGCGAATCTCTGAAAGCTAATCTCAGTTCGGATTGCACTCTGCAACTCGAGTGCATGAAGCTGGAATCGCTAGTAATCGCGGATCAGCACGCCGCGGTGAATACGTTCCCGGGCCTTGTACACACCGCCCGTCACACCATGAGAGTCTGTAATGCCCAAAGCCGGTGGGATAACCTGCAAAGGAGTCAGCCGTCTAAGGCAGGACAGATGATTAGGGTGAAGTCGTAACAAGGTAGCCGTAGGAGAACCTGCGGCTGGATCACCTCCTTT
47,ESL0260,ATGAGAGTTTGATCCTGGCTCAGGACGAACGCTGGCGGCGTGCCTAATACATGCAAGTCGAGCGAGCAATTTTGACAGAATACTTCGGTAGGAAGTCAGAAGCGCGAGCGGCGGATGGGTGAGTAACACGTGGGCAACCTGCCCTTTAGCTTGGGATACCACTTGGAAACAGGTGCTAATACCAAATAGGCAGCAAGAGCGCATGCTCAAGCTGAGAAAGGCGGCTTTCGAGCTGTCACTAAAGGATGGGCCCGCGGTGCATTAGCTAGTTGGTAAGGTAACGGCCTACCAAGGCGATGATGCATAGCCGAGTTGAGAGACTGACCGGCCACATTGGGACTGAGACACGGCCCAAACTCCTACGGGAGGCAGCAGTAGGGAATCTTCCACAATGGACGCAAGTCTGATGGAGCAACGCCGCGTGAGTGAAGAAGGTTTTCGGATCGTAAAGCTCTGTTGTTGGTGAAGAAGGACAAGGTTAGTAACTGAACTTTGTTTGACGGTAATCAACCAGAAAGTCACGGCTAACTACGTGCCAGCAGCCGCGGTAATACGTAGGTGGCAAGCGTTGTCCGGATTTATTGGGCGTAAAGCGAACGCAGGCGGGAAGATAAGTCAGCTGTGAAAGCCCCCAGCTTAACTGGGGAACTGCAGCTGAAACTATGTTTCTTGAGTGCAGAAGAGGAGAGTGGAACTCCATGTGTAGCGGTGGAATGCGTAGATATATGGAAGAACACCAGTGGCGAAGGCGGCTCTCTGGTCTGTAACTGACGCTGAGGTTCGAAAGCATGGGTAGCGAACAGGATTAGATACCCTGGTAGTCCATGCCGTAAACGATGAGTGCTAAGTGTTGGGAGGTTTCCGCCTCTCAGTGCTGCAGCTAACGCATTAAGCACTCCGCCTGGGGAGTACGACCGCAAGGTTAAAACTCAAAGGAATTGACGGGGGCCCGCACAAGCGGTGGAGCATGTGGTTTAATTCGAAGCAACGCGAAGAACCTTACCAGGTCTTGACATCTAGTGCCAGTCCTAGAGATAGGATGTTTCCTTCGGGAACACTAAGACAGGTGGTGCATGGCTGTCGTCAGCTCGTGTCGTGAGATGTTGGGTTAAGTCCCGCAACGAGCGCAACCCTTATTATTAGTTGCCAGCATTAAGTTGGGCACTCTAATGAGACTGCCGGTGACAAACCGGAGGAAGGTGGGGACGACGTCAAGTCATCATGCCCCTTATGACCTGGGCTACACACGTGCTACAATGGTTAGTACAACGAGCAGCGAACCTGCAAAGGCAAGCGAATCTCTGAAAGCTAATCTCAGTTCGGATTGCACTCTGCAACTCGAGTGCATGAAGCTGGAATCGCTAGTAATCGCGGATCAGCACGCCGCGGTGAATACGTTCCCGGGCCTTGTACACACCGCCCGTCACACCATGAGAGTCTGTAATGCCCAAAGCCGGTGGGATAACCTGCAAAGGAGTCAGCCGTCTAAGGCAGGACAGATGATTAGGGTGAAGTCGTAACAAGGTAGCCGTAGGAGAACCTGCGGCTGGATCACCTCCTTT
48,ESL0184,ATGAGAGTTTGATCCTGGCTCAGGACGAACGCTGGCGGCGTGCCTAATACATGCAAGTCGAGCGAGCAATTTTGACGGAATACTTCGGTAGGAAGTTAAGAGCGCGAGCGGCGGATGGGTGAGTAACACGTGGGCAACCTGCCCTTTAGCTTGGGATACCACTTGGAAACAGGTGCTAATACCAAATAAGCAGCAAGAGCGCATGCTCAAGCTGAGAAAGGCGGCTTTCGAGCTGTCACTAAAGGATGGGCCCGCGGTGCATTAGCTAGTTGGTAAGGTAACGGCCTACCAAGGCGATGATGCATAGCCGAGTTGAGAGACTGACCGGCCACATTGGGACTGAGACACGGCCCAAACTCCTACGGGAGGCAGCAGTAGGGAATCTTCCACAATGGACGCAAGTCTGATGGAGCAACGCCGCGTGAGTGAAGAAGGTTTTCGGATCGTAAAGCTCTGTTGTTGGTGAAGAAGGACAAGGGTAGTAACTGATCTTTGTTTGACGGTAATCAACCAGAAAGTCACGGCTAACTACGTGCCAGCAGCCGCGGTAATACGTAGGTGGCAAGCGTTGTCCGGATTTATTGGGCGTAAAGCGAACGCAGGCGGGAAGATAAGTCAGCTGTGAAAGCCCCCAGCTTAACTGGGGAATTGCAGCTGAAACTATGTTTCTTGAGTGCAGAAGAGGAGAGTGGAACTCCATGTGTAGCGGTGGAATGCGTAGATATATGGAAGAACACCAGTGGCGAAGGCGGCTCTCTGGTCTGTAACTGACGCTGAGGTTCGAAAGCATGGGTAGCGAACAGGATTAGATACCCTGGTAGTCCATGCCGTAAACGATGAGTGCTAAGTGTTGGGAGGTTTCCGCCTCTCAGTGCTGCAGCTAACGCATTAAGCACTCCGCCTGGGGAGTACGACCGCAAGGTTAAAACTCAAAGGAATTGACGGGGGCCCGCACAAGCGGTGGAGCATGTGGTTTAATTCGAAGCAACGCGAAGAACCTTACCAGGTCTTGACATCTAGTGCCAGTCCTAGAGATAGGATGTTTCCTTCGGGAACACTAAGACAGGTGGTGCATGGCTGTCGTCAGCTCGTGTCGTGAGATGTTGGGTTAAGTCCCGCAACGAGCGCAACCCTTATTATTAGTTGCCAGCATTAAGTTGGGCACTCTAATGAGACTGCCGGTGACAAACCGGAGGAAGGTGGGGACGACGTCAAGTCATCATGCCCCTTATGACCTGGGCTACACACGTGCTACAATGGTTAGTACAACGAGCAGCGAACCTGCAAAGGCAAGCGAATCTCTGAAAGCTAATCTCAGTTCGGATTGCACTCTGCAACTCGAGTGCATGAAGCTGGAATCGCTAGTAATCGCGGATCAGCACGCCGCGGTGAATACGTTCCCGGGCCTTGTACACACCGCCCGTCACACCATGAGAGTCTGTAATGCCCAAAGCCGGTGGGATAACCTGCAAAGGAGTCAGCCGTCTAAGGCAGGACAGATGATTAGGGTGAAGTCGTAACAAGGTAGCCGTAGGAGAACCTGCGGCTGGATCACCTCCTTT
49,ESL0184,ATGAGAGTTTGATCCTGGCTCAGGACGAACGCTGGCGGCGTGCCTAATACATGCAAGTCGAGCGAGCAATTTTGACGGAATACTTCGGTAGGAAGTCAGAAGCGCGAGCGGCGGATGGGTGAGTAACACGTGGGCAACCTGCCCTTTAGCTTGGGATACCACTTGGAAACAGGTGCTAATACCAAATAAGCAGCAAGAGCGCATGCTCAAGCTGAGAAAGGCGGCTTTCGAGCTGTCACTAAAGGATGGGCCCGCGGTGCATTAGCTAGTTGGTAAGGTAACGGCCTACCAAGGCGATGATGCATAGCCGAGTTGAGAGACTGACCGGCCACATTGGGACTGAGACACGGCCCAAACTCCTACGGGAGGCAGCAGTAGGGAATCTTCCACAATGGACGCAAGTCTGATGGAGCAACGCCGCGTGAGTGAAGAAGGTTTTCGGATCGTAAAGCTCTGTTGTTGGTGAAGAAGGACAAGGGTAGTAACTGATCTTTGTTTGACGGTAATCAACCAGAAAGTCACGGCTAACTACGTGCCAGCAGCCGCGGTAATACGTAGGTGGCAAGCGTTGTCCGGATTTATTGGGCGTAAAGCGAACGCAGGCGGGAAGATAAGTCAGCTGTGAAAGCCCCCAGCTTAACTGGGGAATTGCAGCTGAAACTATGTTTCTTGAGTGCAGAAGAGGAGAGTGGAACTCCATGTGTAGCGGTGGAATGCGTAGATATATGGAAGAACACCAGTGGCGAAGGCGGCTCTCTGGTCTGTAACTGACGCTGAGGTTCGAAAGCATGGGTAGCGAACAGGATTAGATACCCTGGTAGTCCATGCCGTAAACGATGAGTGCTAAGTGTTGGGAGGTTTCCGCCTCTCAGTGCTGCAGCTAACGCATTAAGCACTCCGCCTGGGGAGTACGACCGCAAGGTTAAAACTCAAAGGAATTGACGGGGGCCCGCACAAGCGGTGGAGCATGTGGTTTAATTCGAAGCAACGCGAAGAACCTTACCAGGTCTTGACATCTAGTGCCAGTCCTAGAGATAGGATGTTTCCTTCGGGAACACTAAGACAGGTGGTGCATGGCTGTCGTCAGCTCGTGTCGTGAGATGTTGGGTTAAGTCCCGCAACGAGCGCAACCCTTATTATTAGTTGCCAGCATTAAGTTGGGCACTCTAATGAGACTGCCGGTGACAAACCGGAGGAAGGTGGGGACGACGTCAAGTCATCATGCCCCTTATGACCTGGGCTACACACGTGCTACAATGGTTAGTACAACGAGCAGCGAACCTGCAAAGGCAAGCGAATCTCTGAAAGCTAATCTCAGTTCGGATTGCACTCTGCAACTCGAGTGCATGAAGCTGGAATCGCTAGTAATCGCGGATCAGCACGCCGCGGTGAATACGTTCCCGGGCCTTGTACACACCGCCCGTCACACCATGAGAGTCTGTAATGCCCAAAGCCGGTGGGATAACCTGCAAAGGAGTCAGCCGTCTAAGGCAGGACAGATGATTAGGGTGAAGTCGTAACAAGGTAGCCGTAGGAGAACCTGCGGCTGGATCACCTCCTTT
50,ESL0184,ATGAGAGTTTGATCCTGGCTCAGGACGAACGCTGGCGGCGTGCCTAATACATGCAAGTCGAGCGAGCAATTTTGACGGAATACTTCGGTAGGAAGTCAGAAGCGCGAGCGGCGGATGGGTGAGTAACACGTGGGCAACCTGCCCTTTAGCTTGGGATACCACTTGGAAACAGGTGCTAATACCAAATAAGCAGCAAGAGCGCATGCTCAAGCTGAGAAAGGCGGCTTTCGAGCTGTCACTAAAGGATGGGCCCGCGGTGCATTAGCTAGTTGGTAAGGTAACGGCCTACCAAGGCGATGATGCATAGCCGAGTTGAGAGACTGACCGGCCACATTGGGACTGAGACACGGCCCAAACTCCTACGGGAGGCAGCAGTAGGGAATCTTCCACAATGGACGCAAGTCTGATGGAGCAACGCCGCGTGAGTGAAGAAGGTTTTCGGATCGTAAAGCTCTGTTGTTGGTGAAGAAGGACAAGGAAAGTAACTGATCTTTGTTTGACGGTAATCAACCAGAAAGTCACGGCTAACTACGTGCCAGCAGCCGCGGTAATACGTAGGTGGCAAGCGTTGTCCGGATTTATTGGGCGTAAAGCGAACGCAGGCGGGAAGATAAGTCAGCTGTGAAAGCCCCCAGCTTAACTGGGGAACTGCAGCTGAAACTATGTTTCTTGAGTGCAGAAGAGGAGAGTGGAACTCCATGTGTAGCGGTGGAATGCGTAGATATATGGAAGAACACCAGTGGCGAAGGCGGCTCTCTGGTCTGTAACTGACGCTGAGGTTCGAAAGCATGGGTAGCGAACAGGATTAGATACCCTGGTAGTCCATGCCGTAAACGATGAGTGCTAAGTGTTGGGAGGTTTCCGCCTCTCAGTGCTGCAGCTAACGCATTAAGCACTCCGCCTGGGGAGTACGACCGCAAGGTTAAAACTCAAAGGAATTGACGGGGGCCCGCACAAGCGGTGGAGCATGTGGTTTAATTCGAAGCAACGCGAAGAACCTTACCAGGTCTTGACATCTAGTGCTAGTCCTAGAGATAGGATGTTTCCTTCGGGAACACTAAGACAGGTGGTGCATGGCTGTCGTCAGCTCGTGTCGTGAGATGTTGGGTTAAGTCCCGCAACGAGCGCAACCCTTATTATTAGTTGCCAGCATTAAGTTGGGCACTCTAATGAGACTGCCGGTGACAAACCGGAGGAAGGTGGGGACGACGTCAAGTCATCATGCCCCTTATGACCTGGGCTACACACGTGCTACAATGGTTAGTACAACGAGCAGCGAACCTGCAAAGGCAAGCGAATCTCTGAAAGCTAATCTCAGTTCGGATTGCACTCTGCAACTCGAGTGCATGAAGCTGGAATCGCTAGTAATCGCGGATCAGCACGCCGCGGTGAATACGTTCCCGGGCCTTGTACACACCGCCCGTCACACCATGAGAGTCTGTAATGCCCAAAGCCGGTGGGATAACCTGCAAAGGAGTCAGCCGTCTAAGGCAGGACAGATGATTAGGGTGAAGTCGTAACAAGGTAGCCGTAGGAGAACCTGCGGCTGGATCACCTCCTTT
51,ESL0184,ATGAGAGTTTGATCCTGGCTCAGGACGAACGCTGGCGGCGTGCCTAATACATGCAAGTCGAGCGAGCAATTTTAACAGAATACTTCGGTAGGAAGTTAAGAGCGCGAGCGGCGGATGGGTGAGTAACACGTGGGCAACCTGCCCTTTAGCTTGGGATACCACTTGGAAACAGGTGCTAATACCAAATAAGCAGCAAGAGCGCATGCTCAAGCTGAGAAAGGCGGCTTTCGAGCTGTCACTAAAGGATGGGCCCGCGGTGCATTAGCTAGTTGGTAAGGTAAGGGCCTACCAAGGCGATGATGCATAGCCGAGTTGAGAGACTGACCGGCCACATTGGGACTGAGACACGGCCCAAACTCCTACGGGAGGCAGCAGTAGGGAATCTTCCACAATGGACGCAAGTCTGATGGAGCAACGCCGCGTGAGTGAAGAAGGTTTTCGGATCGTAAAGCTCTGTTGTTGGTGAAGAAGGACAAGGAAAGCAACTGATCTTTGTTTGACGGTAATCAACCAGAAAGTCACGGCTAACTACGTGCCAGCAGCCGCGGTAATACGTAGGTGGCAAGCGTTGTCCGGATTTATTGGGCGTAAAGCGAACGCAGGCGGGAAGATAAGTCAGCTGTGAAAGCCCCCAGCTTAACTGGGGAACTGCAGCTGAAACTATGTTTCTTGAGTGCAGAAGAGGAGAGTGGAACTCCATGTGTAGCGGTGGAATGCGTAGATATATGGAAGAACACCAGTGGCGAAGGCGGCTCTCTGGTCTGTAACTGACGCTGAGGTTCGAAAGCATGGGTAGCGAACAGGATTAGATACCCTGGTAGTCCATGCCGTAAACGATGAGTGCTAAGTGTTGGGAGGTTTCCGCCTCTCAGTGCTGCAGCTAACGCATTAAGCACTCCGCCTGGGGAGTACGACCGCAAGGTTAAAACTCAAAGGAATTGACGGGGGCCCGCACAAGCGGTGGAGCATGTGGTTTAATTCGAAGCAACGCGAAGAACCTTACCAGGTCTTGACATCTAGTGCCAGTCCTAGAGATAGGATGTTTCCTTCGGGAACACTAAGACAGGTGGTGCATGGCTGTCGTCAGCTCGTGTCGTGAGATGTTGGGTTAAGTCCCGCAACGAGCGCAACCCTTATTATTAGTTGCCAGCATTAAGTTGGGCACTCTAATGAGACTGCCGGTGACAAACCGGAGGAAGGTGGGGACGACGTCAAGTCATCATGCCCCTTATGACCTGGGCTACACACGTGCTACAATGGTTAGTACAACGAGCAGCGAACCTGCAAAGGCAAGCGAATCTCTGAAAGCTAATCTCAGTTCGGATTGCACTCTGCAACTCGAGTGCATGAAGCTGGAATCGCTAGTAATCGCGGATCAGCACGCCGCGGTGAATACGTTCCCGGGCCTTGTACACACCGCCCGTCACACCATGAGAGTCTGTAATGCCCAAAGCCGGTGGGATAACCTGCAAAGGAGTCAGCCGTCTAAGGCAGGACAGATGATTAGGGTGAAGTCGTAACAAGGTAGCCGTAGGAGAACCTGCGGCTGGATCACCTCCTTT
52,ESL0350,ATGAGAGTTTGATCCTGGCTCAGGACGAACGCTGGCGGCGTGCCTAATACATGCAAGTCGAGCGAGCAATTTTGACAGAATACTTCGGTAGGAAGTCAGAAGCGCGAGCGGCGGATGGGTGAGTAACACGTGGGCAACCTGCCCTTTAGCTTGGGATACCACTTGGAAACAGGTGCTAATACCAAATAAGCAGCAAGAGCGCATGCTCAAGCAGTAAAAGGCGGCTTTCGAGCTGTCACTAAAGGATGGGCCCGCGGTGCATTAGCTAGTTGGTAAGGTAACGGCCTACCAAGGCGATGATGCATAGCCGAGTTGAGAGACTGACCGGCCACATTGGGACTGAGACACGGCCCAAACTCCTACGGGAGGCAGCAGTAGGGAATCTTCCACAATGGACGCAAGTCTGATGGAGCAACGCCGCGTGAGTGAAGAAGGTTTTCGGATCGTAAAGCTCTGTTGTTGGTGAAGAAGGACAAGGAAAGTAACTGATCTTTGTTTGACGGTAATCAACCAGAAAGTCACGGCTAACTACGTGCCAGCAGCCGCGGTAATACGTAGGTGGCAAGCGTTGTCCGGATTTATTGGGCGTAAAGCGAACGCAGGCGGGAAGATAAGTCAGCTGTGAAAGCCCCCAGCTTAACTGGGGAACTGCAGCTGAAACTATGTTTCTTGAGTGCAGAAGAGGAGAGTGGAACTCCATGTGTAGCGGTGGAATGCGTAGATATATGGAAGAACACCAGTGGCGAAGGCGGCTCTCTGGTCTGTAACTGACGCTGAGGTTCGAAAGCATGGGTAGCGAACAGGATTAGATACCCTGGTAGTCCATGCCGTAAACGATGAGTGCTAAGTGTTGGGAGGTTTCCGCCTCTCAGTGCTGCAGCTAACGCATTAAGCACTCCGCCTGGGGAGTACGACCGCAAGGTTAAAACTCAAAGGAATTGACGGGGGCCCGCACAAGCGGTGGAGCATGTGGTTTAATTCGAAGCAACGCGAAGAACCTTACCAGGTCTTGACATCTAGTGCTAGTCCTAGAGATAGGATGTTTCCTTCGGGAACACTAAGACAGGTGGTGCATGGCTGTCGTCAGCTCGTGTCGTGAGATGTTGGGTTAAGTCCCGCAACGAGCGCAACCCTTATTATTAGTTGCCAGCATTAAGTTGGGCACTCTAATGAGACTGCCGGTGACAAACCGGAGGAAGGTGGGGACGACGTCAAGTCATCATGCCCCTTATGACCTGGGCTACACACGTGCTACAATGGTTAGTACAACGAGCAGCGAACCTGCAAAGGCAAGCGAATCTCTGAAAGCTAATCTCAGTTCGGATTGCACTCTGCAACTCGAGTGCATGAAGCTGGAATCGCTAGTAATCGCGGATCAGCACGCCGCGGTGAATACGTTCCCGGGCCTTGTACACACCGCCCGTCACACCATGAGAGTCTGTAATGCCCAAAGCCGGTGGGATAACCTGCAAAGGAGTCAGCCGTCTAAGGCAGGACAGATGATTAGGGTGAAGTCGTAACAAGGTAGCCGTAGGAGAACCTGCGGCTGGATCACCTCCTTT
53,ESL0350,ATGAGAGTTTGATCCTGGCTCAGGACGAACGCTGGCGGCGTGCCTAATACATGCAAGTCGAGCGAGCAATTTTGACAGAATACTTCGGTAGGAAGTCAGAAGCGCGAGCGGCGGATGGGTGAGTAACACGTGGGCAACCTGCCCTTTAGCTTGGGATACCACTTGGAAACAGGTGCTAATACCAAATAAGCAGCAAGAGCGCATGCTCAAGCTGAGAAAGGCGGCTTTCGAGCTGTCACTAAAGGATGGGCCCGCGGTGCATTAGCTAGTTGGTAAGGTAACGGCCTACCAAGGCGATGATGCATAGCCGAGTTGAGAGACTGACCGGCCACATTGGGACTGAGACACGGCCCAAACTCCTACGGGAGGCAGCAGTAGGGAATCTTCCACAATGGACGCAAGTCTGATGGAGCAACGCCGCGTGAGTGAAGAAGGTTTTCGGATCGTAAAGCTCTGTTGTTGGTGAAGAAGGACAAGGAAAGTAACTGATCTTTGTTTGACGGTAATCAACCAGAAAGTCACGGCTAACTACGTGCCAGCAGCCGCGGTAATACGTAGGTGGCAAGCGTTGTCCGGATTTATTGGGCGTAAAGCGAACGCAGGCGGGAAGATAAGTCAGCTGTGAAAGCCCCCAGCTTAACTGGGGAACTGCAGCTGAAACTATGTTTCTTGAGTGCAGAAGAGGAGAGTGGAACTCCATGTGTAGCGGTGGAATGCGTAGATATATGGAAGAACACCAGTGGCGAAGGCGGCTCTCTGGTCTGTAACTGACGCTGAGGTTCGAAAGCATGGGTAGCGAACAGGATTAGATACCCTGGTAGTCCATGCCGTAAACGATGAGTGCTAAGTGTTGGGAGGTTTCCGCCTCTCAGTGCTGCAGCTAACGCATTAAGCACTCCGCCTGGGGAGTACGACCGCAAGGTTAAAACTCAAAGGAATTGACGGGGGCCCGCACAAGCGGTGGAGCATGTGGTTTAATTCGAAGCAACGCGAAGAACCTTACCAGGTCTTGACATCTAGTGCTAGTCCTAGAGATAGGATGTTTCCTTCGGGAACACTAAGACAGGTGGTGCATGGCTGTCGTCAGCTCGTGTCGTGAGATGTTGGGTTAAGTCCCGCAACGAGCGCAACCCTTATTATTAGTTGCCAGCATTAAGTTGGGCACTCTAATGAGACTGCCGGTGACAAACCGGAGGAAGGTGGGGACGACGTCAAGTCATCATGCCCCTTATGACCTGGGCTACACACGTGCTACAATGGTTAGTACAACGAGCAGCGAACCTGCAAAGGCAAGCGAATCTCTGAAAGCTAATCTCAGTTCGGATTGCACTCTGCAACTCGAGTGCATGAAGCTGGAATCGCTAGTAATCGCGGATCAGCACGCCGCGGTGAATACGTTCCCGGGCCTTGTACACACCGCCCGTCACACCATGAGAGTCTGTAATGCCCAAAGCCGGTGGGATAACCTGCAAAGGAGTCAGCCGTCTAAGGCAGGACAGATGATTAGGGTGAAGTCGTAACAAGGTAGCCGTAGGAGAACCTGCGGCTGGATCACCTCCTTT
54,ESL0350,ATGAGAGTTTGATCCTGGCTCAGGACGAACGCTGGCGGCGTGCCTAATACATGCAAGTCGAGCGAGCAATTTTGACAGAATACTTCGGTAGGAAGTCAGAAGCGCGAGCGGCGGATGGGTGAGTAACACGTGGGCAACCTGCCCTTTAGCTTGGGATACCACTTGGAAACAGGTGCTAATACCAAATAAGCAGCAAGAGCGCATGCTCAAGCTGAGAAAGGCGGCTTTGGAGCTGTCACTAAAGGATGGGCCCGCGGTGCATTAGCTAGTTGGTAAGGTAACGGCCTACCAAGGCGATGATGCATAGCCGAGTTGAGAGACTGACCGGCCACATTGGGACTGAGACACGGCCCAAACTCCTACGGGAGGCAGCAGTAGGGAATCTTCCACAATGGACGCAAGTCTGATGGAGCAACGCCGCGTGAGTGAAGAAGGTTTTCGGATCGTAAAGCTCTGTTGTTGGTGAAGAAGGACAAGGAAAGTAACTGATCTTTGTTTGACGGTAATCAACCAGAAAGTCACGGCTAACTACGTGCCAGCAGCCGCGGTAATACGTAGGTGGCAAGCGTTGTCCGGATTTATTGGGCGTAAAGCGAACGCAGGCGGGAAGATAAGTCAGCTGTGAAAGCCCCCAGCTTAACTGGGGAACTGCAGCTGAAACTATGTTTCTTGAGTGCAGAAGAGGAGAGTGGAACTCCATGTGTAGCGGTGGAATGCGTAGATATATGGAAGAACACCAGTGGCGAAGGCGGCTCTCTGGTCTGTAACTGACGCTGAGGTTCGAAAGCATGGGTAGCGAACAGGATTAGATACCCTGGTAGTCCATGCCGTAAACGATGAGTGCTAAGTGTTGGGAGGTTTCCGCCTCTCAGTGCTGCAGCTAACGCATTAAGCACTCCGCCTGGGGAGTACGACCGCAAGGTTAAAACTCAAAGGAATTGACGGGGGCCCGCACAAGCGGTGGAGCATGTGGTTTAATTCGAAGCAACGCGAAGAACCTTACCAGGTCTTGACATCTAGTGCTAGTCCTAGAGATAGGATGTTTCCTTCGGGAACACTAAGACAGGTGGTGCATGGCTGTCGTCAGCTCGTGTCGTGAGATGTTGGGTTAAGTCCCGCAACGAGCGCAACCCTTATTATTAGTTGCCAGCATTAAGTTGGGCACTCTAATGAGACTGCCGGTGACAAACCGGAGGAAGGTGGGGACGACGTCAAGTCATCATGCCCCTTATGACCTGGGCTACACACGTGCTACAATGGTTAGTACAACGAGCAGCGAACCTGCAAAGGCAAGCGAATCTCTGAAAGCTAATCTCAGTTCGGATTGCACTCTGCAACTCGAGTGCATGAAGCTGGAATCGCTAGTAATCGCGGATCAGCACGCCGCGGTGAATACGTTCCCGGGCCTTGTACACACCGCCCGTCACACCATGAGAGTCTGTAATGCCCAAAGCCGGTGGGATAACCTGCAAAGGAGTCAGCCGTCTAAGGCAGGACAGATGATTAGGGTGAAGTCGTAACAAGGTAGCCGTAGGAGAACCTGCGGCTGGATCACCTCCTTT
55,ESL0350,ATGAGAGTTTGATCCTGGCTCAGGACGAACGCTGGCGGCGTGCCTAATACATGCAAGTCGAGCGAGCAATTTTGACAGAATACTTCGGTAGGAAGTCAGAAGCGCGAGCGGCGGATGGGTGAGTAACACGTGGGCAACCTGCCCTTTAGCTTGGGATACCACTTGGAAACAGGTGCTAATACCAAATAAGCAGCAAGAGCGCATGCTCAAGCTGAGAAAGGCGGCTTTCGAGCTGTCACTAAAGGATGGGCCCGCGGTGCATTAGCTAGTTGGTAAGGTAACGGCCTACCAAGGCGATGATGCATAGCCGAGTTGAGAGACTGACCGGCCACATTGGGACTGAGACACGGCCCAAACTCCTACGGGAGGCAGCAGTAGGGAATCTTCCACAATGGACGCAAGTCTGATGGAGCAACGCCGCGTGAGTGAAGAAGGTTTTCGGATCGTAAAGCTCTGTTGTTGGTGAAGAAGGACAAGGAAAGTAACTGATCTTTGTTTGACGGTAATCAACCAGAAAGTCACGGCTAACTACGTGCCAGCAGCCGCGGTAATACGTAGGTGGCAAGCGTTGTCCGGATTTATTGGGCGTAAAGCGAACGCAGGCGGGAAGATAAGTCAGCTGTGAAAGCCCCCAGCTTAACTGGGGAACTGCAGCTGAAACTATGTTTCTTGAGTGCAGAAGAGGAGAGTGGAACTCCATGTGTAGCGGTGGAATGCGTAGATATATGGAAGAACACCAGTGGCGAAGGCGGCTCTCTGGTCTGTAACTGACGCTGAGGTTCGAAAGCATGGGTAGCGAACAGGATTAGATACCCTGGTAGTCCATGCCGTAAACGATGAGTGCTAAGTGTTGGGAGGTTTCCGCCTCTCAGTGCTGCAGCTAACGCATTAAGCACTCCGCCTGGGGAGTACGACCGCAAGGTTAAAACTCAAAGGAATTGACGGGGGCCCGCACAAGCGGTGGAGCATGTGGTTTAATTCGAAGCAACGCGAAGAACCTTACCAGGTCTTGACATCTAGTGCTAGTCCTAGAGATAGGATGTTTCTTTCGGGAACACTAAGACAGGTGGTGCATGGCTGTCGTCAGCTCGTGTCGTGAGATGTTGGGTTAAGTCCCGCAACGAGCGCAACCCTTATTATTAGTTGCCAGCATTAAGTTGGGCACTCTAATGAGACTGCCGGTGACAAACCGGAGGAAGGTGGGGACGACGTCAAGTCATCATGCCCCTTATGACCTGGGCTACACACGTGCTACAATGGTTAGTACAACGAGCAGCGAACCTGCAAAGGCAAGCGAATCTCTGAAAGCTAATCTCAGTTCGGATTGCACTCTGCAACTCGAGTGCATGAAGCTGGAATCGCTAGTAATCGCGGATCAGCACGCCGCGGTGAATACGTTCCCGGGCCTTGTACACACCGCCCGTCACACCATGAGAGTCTGTAATGCCCAAAGCCGGTGGGATAACCTGCAAAGGAGTCAGCCGTCTAAGGCAGGACAGATGATTAGGGTGAAGTCGTAACAAGGTAGCCGTAGGAGAACCTGCGGCTGGATCACCTCCTTT
56,ESL0186,ATGAGAGTTTGATCCTGGCTCAGGACGAACGCTGGCGGCGTGCCTAATACATGCAAGTCGAGCGAGCAATCTTAACGGAATACTTCGGTAGGAAGTCAAGAGCGCGAGCGGCGGATGGGTGAGTAACACGTGGGCAACCTGCCCTATAGCTTGGGATACCACTTGGAAACAGGTGCTAATACCAAATAAGCAGCAAGAGCGCATGCTCAAGCTGGGAAAGGCGGCTTTAAAGCTGTCACTACAGGATGGGCCCGCGGTGCATTAGCTAGTTGGCAAGGTAACGGCCTACCAAGGCGATGATGCATAGCCGAGTTGAGAGACTGACCGGCCACATTGGGACTGAGACACGGCCCAAACTCCTACGGGAGGCAGCAGTAGGGAATCTTCCACAATGGACGCAAGTCTGATGGAGCAACGCCGCGTGAGTGAAGAAGGTTTTCGGATCGTAAAGCTCTGTTGTTGGTGAAGAAGGACAGGGAAAGCAACTGGTCTCTGTTTGACGGTAATCAACCAGAAAGTCACGGCTAACTACGTGCCAGCAGCCGCGGTAATACGTAGGTGGCAAGCGTTGTCCGGATTTATTGGGCGTAAAGCGAACGCAGGCGGGAGAATAAGTCAGCTGTGAAAGCCCTCAGCTTAACTGGGGAACTGCAGCTGAAACTATTTTTCTTGAGTGCAGAAGAGGAGAGTGGAACTCCATGTGTAGCGGTGGAATGCGTAGATATATGGAAGAACACCAGTGGCGAAGGCGGCTCTCTGGTCTGTAACTGACGCTGAGGTTCGAAAGCATGGGTAGCGAACAGGATTAGATACCCTGGTAGTCCATGCCGTAAACGATGAGTGCTAAGTGTTGGGAGGTTTCCGCCTCTCAGTGCTGCAGCTAACGCATTAAGCACTCCGCCTGGGGAGTACGACCGCAAGGTTAAAACTCAAAGGAATTGACGGGGGCCCGCACAAGCGGTGGAGCATGTGGTTTAATTCGAAGCAACGCGAAGAACCTTACCAGGTCTTGACATCTAGTGCCAGTCCTAGAGATAGGATGTTTCCTTCGGGAACGCTAAGACAGGTGGTGCATGGCTGTCGTCAGCTCGTGTCGTGAGATGTTGGGTTAAGTCCCGCAACGAGCGCAACCCTTATTATTAGTTGCCAGCATTAAGTTGGGCACTCTAATGAGACTGCCGGTGACAAACCGGAGGAAGGTGGGGACGACGTCAAGTCATCATGCCCCTTATGACCTGGGCTACACACGTGCTACAATGGTTAGTACAACGAGCAGCGAACCTGCAAAGGCAAGCGAATCTCTGAAAGCTAATCTCAGTTCGGATTGCACTCTGCAACTCGAGTGCATGAAGCTGGAATCGCTAGTAATCGCGGATCAGCACGCCGCGGTGAATACGTTCCCGGGCCTTGTACACACCGCCCGTCACACCATGAGAGTCTGTAATGCCCAAAGCCGGTAGGATAACCTGCAAAGGAGTCAGCCGTCTAAGGCAGGACAGATGATTAGGGTGAAGTCGTAACAAGGTAGCCGTAGGAGAACCTGCGGCTGGATCACCTCCTTT
57,ESL0186;ESL0351,ATGAGAGTTTGATCCTGGCTCAGGACGAACGCTGGCGGCGTGCCTAATACATGCAAGTCGAGCGAGCAATCTTAACGGAATACTTCGGTAGGAAGTCAAGAGCGCGAGCGGCGGATGGGTGAGTAACACGTGGGCAACCTGCCCTATAGCTTGGGATACCACTTGGAAACAGGTGCTAATACCAAATAAGCAGCAAGAGCGCATGCTCAAGCTGGGAAAGGCGGCTTTAAAGCTGTCACTACAGGATGGGCCCGCGGTGCATTAGCTAGTTGGCAAGGTAACGGCCTACCAAGGCGATGATGCATAGCCGAGTTGAGAGACTGACCGGCCACATTGGGACTGAGACACGGCCCAAACTCCTACGGGAGGCAGCAGTAGGGAATCTTCCACAATGGACGCAAGTCTGATGGAGCAACGCCGCGTGAGTGAAGAAGGTTTTCGGATCGTAAAGCTCTGTTGTTGGTGAAGAAGGACAGGGAAAGCAACTGGTCTCTGTTTGACGGTAATCAACCAGAAAGTCACGGCTAACTACGTGCCAGCAGCCGCGGTAATACGTAGGTGGCAAGCGTTGTCCGGATTTATTGGGCGTAAAGCGAACGCAGGCGGGAGAATAAGTCAGCTGTGAAAGCCCTCAGCTTAACTGGGGAACTGCAGCTGAAACTATTTTTCTTGAGTGCAGAAGAGGAGAGTGGAACTCCATGTGTAGCGGTGGAATGCGTAGATATATGGAAGAACACCAGTGGCGAAGGCGGCTCTCTGGTCTGTAACTGACGCTGAGGTTCGAAAGCATGGGTAGCGAACAGGATTAGATACCCTGGTAGTCCATGCCGTAAACGATGAGTGCTAAGTGTTGGGAGGTTTCCGCCTCTCAGTGCTGCAGCTAACGCATTAAGCACTCCGCCTGGGGAGTACGACCGCAAGGTTAAAACTCAAAGGAATTGACGGGGGCCCGCACAAGCGGTGGAGCATGTGGTTTAATTCGAAGCAACGCGAAGAACCTTACCAGGTCTTGACATCTAGCGCCAGTCCTAGAGATAGGATGTTTCCTTCGGGAACGCTAAGACAGGTGGTGCATGGCTGTCGTCAGCTCGTGTCGTGAGATGTTGGGTTAAGTCCCGCAACGAGCGCAACCCTTATTATTAGTTGCCAGCATTAAGTTGGGCACTCTAATGAGACTGCCGGTGACAAACCGGAGGAAGGTGGGGACGACGTCAAGTCATCATGCCCCTTATGACCTGGGCTACACACGTGCTACAATGGTTAGTACAACGAGCAGCGAACCTGCAAAGGCAAGCGAATCTCTGAAAGCTAATCTCAGTTCGGATTGCACTCTGCAACTCGAGTGCATGAAGCTGGAATCGCTAGTAATCGCGGATCAGCACGCCGCGGTGAATACGTTCCCGGGCCTTGTACACACCGCCCGTCACACCATGAGAGTCTGTAATGCCCAAAGCCGGTAGGATAACCTGCAAAGGAGTCAGCCGTCTAAGGCAGGACAGATGATTAGGGTGAAGTCGTAACAAGGTAGCCGTAGGAGAACCTGCGGCTGGATCACCTCCTTT
58,ESL0261,ATGAGAGTTTGATCCTGGCTCAGGACGAACGCTGGCGGCGTGCCTAATACATGCAAGTCGAGCGAGCAATCTTAACAGAATACTTCGGTAGGAAGTCAAGAGCGCGAGCGGCGGATGGGTGAGTAACACGTGGGCAACCTGCCCTATAGCTTGGGATACCACTTGGAAACAGGTGCTAATACCAAATAAGCAGCAAGAGCGCATGCTCAAGCTGAGAAAGGCGGCTTTAAAGCTGTCACTAAAGGATGGGCCCGCGGTGCATTAGCTAGTTGGCAAGGTAACGGCCTACCAAGGCGATGATGCATAGCCGAGTTGAGAGACTGACCGGCCACATTGGGACTGAGACACGGCCCAAACTCCTACGGGAGGCAGCAGTAGGGAATCTTCCACAATGGACGCAAGTCTGATGGAGCAACGCCGCGTGAGTGAAGAAGGTTTTCGGATCGTAAAGCTCTGTTGTTGGTGAAGAAGGACAGGGATAGCAACTGATTCTTGTTTGACGGTAATCAACCAGAAAGTCACGGCTAACTACGTGCCAGCAGCCGCGGTAATACGTAGGTGGCAAGCGTTGTCCGGATTTATTGGGCGTAAAGCGAACGCAGGCGGGAGAATAAGTCAGCTGTGAAAGCCCTCAGCTTAACTGGGGAACTGCAGCTGAAACTATTTTTCTTGAGTGCAGAAGAGGAGAGTGGAACTCCATGTGTAGCGGTGGAATGCGTAGATATATGGAAGAACACCAGTGGCGAAGGCGGCTCTCTGGTCTGTAACTGACGCTGAGGTTCGAAAGCATGGGTAGCGAACAGGATTAGATACCCTGGTAGTCCATGCCGTAAACGATGAGTGCTAAGTGTTGGGAGGTTTCCGCCTCTCAGTGCTGCAGCTAACGCATTAAGCACTCCGCCTGGGGAGTACGACCGCAAGGTTAAAACTCAAAGGAATTGACGGGGGCCCGCACAAGCGGTGGAGCATGTGGTTTAATTCGAAGCAACGCGAAGAACCTTACCAGGTCTTGACATCTAGCGCCAGTCCTAGAGATAGGATGTTTCCTTCGGGAACGCTAAGACAGGTGGTGCATGGCTGTCGTCAGCTCGTGTCGTGAGATGTTGGGTTAAGTCCCGCAACGAGCGCAACCCTTATTATTAGTTGCCAGCATTAAGTTGGGCACTCTAATGAGACTGCCGGTGACAAACCGGAGGAAGGTGGGGACGACGTCAAGTCATCATGCCCCTTATGACCTGGGCTACACACGTGCTACAATGGTTAGTACAACGAGCAGCGAACCTGCAAAGGCAAGCGAATCTCTGAAAGCTAATCTCAGTTCGGATTGCACTCTGCAACTCGAGTGCATGAAGCTGGAATCGCTAGTAATCGCGGATCAGCACGCCGCGGTGAATACGTTCCCGGGCCTTGTACACACCGCCCGTCACACCATGAGAGTCTGTAATGCCCAAAGCCGGTAGGATAACCTGCAAAGGAGTCAGCCGTCTAAGGCAGGACAGATGATTAGGGTGAAGTCGTAACAAGGTAGCCGTAGGAGAACCTGCGGCTGGATCACCTCCTTT
59,ESL0261,ATGAGAGTTTGATCCTGGCTCAGGACGAACGCTGGCGGCGTGCCTAATACATGCAAGTCGAGCGAGCAATCTTAACGGAATACTTCGGTAGGAAGTCAAGAGCGCGAGCGGCGGATGGGTGAGTAACACGTGGGCAACCTGCCCTATAGCTTGGGATACCACTTGGAAACAGGTGCTAATACCAAATAAGCAGCAAGAGCGCATGCTCAAGCTGGGAAAGGCGGCTTTAAAGCTGTCACTACAGGATGGGCCCGCGGTGCATTAGCTAGTTGGCAAGGTAACGGCCTACCAAGGCGATGATGCATAGCCGAGTTGAGAGACTGACCGGCCACATTGGGACTGAGACACGGCCCAAACTCCTACGGGAGGCAGCAGTAGGGAATCTTCCACAATGGACGCAAGTCTGATGGAGCAACGCCGCGTGAGTGAAGAAGGTTTTCGGATCGTAAAGCTCTGTTGTTGGTGAAGAAGGACAGGGAAAGCAACTGGTCCCTGTTTGACGGTAATCAACCAGAAAGTCACGGCTAACTACGTGCCAGCAGCCGCGGTAATACGTAGGTGGCAAGCGTTGTCCGGATTTATTGGGCGTAAAGCGAACGCAGGCGGGAGAATAAGTCAGCTGTGAAAGCCCTCAGCTTAACTGGGGAACTGCAGCTGAAACTATTTTTCTTGAGTGCAGAAGAGGAGAGTGGAACTCCATGTGTAGCGGTGGAATGCGTAGATATATGGAAGAACACCAGTGGCGAAGGCGGCTCTCTGGTCTGTAACTGACGCTGAGGTTCGAAAGCATGGGTAGCGAACAGGATTAGATACCCTGGTAGTCCATGCCGTAAACGATGAGTGCTAAGTGTTGGGAGGTTTCCGCCTCTCAGTGCTGCAGCTAACGCATTAAGCACTCCGCCTGGGGAGTACGACCGCAAGGTTAAAACTCAAAGGAATTGACGGGGGCCCGCACAAGCGGTGGAGCATGTGGTTTAATTCGAAGCAACGCGAAGAACCTTACCAGGTCTTGACATCTAGCGCCAGTCCTAGAGATAGGATGTTTCCTTCGGGAACGCTAAGACAGGTGGTGCATGGCTGTCGTCAGCTCGTGTCGTGAGATGTTGGGTTAAGTCCCGCAACGAGCGCAACCCTTATTATTAGTTGCCAGCATTAAGTTGGGCACTCTAATGAGACTGCCGGTGACAAACCGGAGGAAGGTGGGGACGACGTCAAGTCATCATGCCCCTTATGACCTGGGCTACACACGTGCTACAATGGTTAGTACAACGAGCAGCGAACCTGCAAAGGCAAGCGAATCTCTGAAAGCTAATCTCAGTTCGGATTGCACTCTGCAACTCGAGTGCATGAAGCTGGAATCGCTAGTAATCGCGGATCAGCACGCCGCGGTGAATACGTTCCCGGGCCTTGTACACACCGCCCGTCACACCATGAGAGTCTGTAATGCCCAAAGCCGGTAGGATAACCTGCAAAGGAGTCAGCCGTCTAAGGCAGGACAGATGATTAGGGTGAAGTCGTAACAAGGTAGCCGTAGGAGAACCTGCGGCTGGATCACCTCCTTT
60,ESL0351,ATGAGAGTTTGATCCTGGCTCAGGACGAACGCTGGCGGCGTGCCTAATACATGCAAGTCGAGCGAGCAATCTTAACGGAATACTTCGGTAGGAAGTCAAGAGCGCGAGCGGCGGATGGGTGAGTAACACGTGGGCAACCTGCCCTATAGCTTGGGATACCACTTGGAAACAGGTGCTAATACCAAATAAGCAGCAAGAGCGCATGCTCAAGCTGGGAAAGGCGGCTTTAAAGCTGCCACTACAGGATGGGCCCGCGGTGCATTAGCTAGTTGGCAAGGTAACGGCCTACCAAGGCGATGATGCATAGCCGAGTTGAGAGACTGACCGGCCACATTGGGACTGAGACACGGCCCAAACTCCTACGGGAGGCAGCAGTAGGGAATCTTCCACAATGGACGCAAGTCTGATGGAGCAACGCCGCGTGAGTGAAGAAGGTTTTCGGATCGTAAAGCTCTGTTGTTGGTGAAGAAGGACAGGGAAAGCAACTGGTCTCTGTTTGACGGTAATCAACCAGAAAGTCACGGCTAACTACGTGCCAGCAGCCGCGGTAATACGTAGGTGGCAAGCGTTGTCCGGATTTATTGGGCGTAAAGCGAACGCAGGCGGGAGAATAAGTCAGCTGTGAAAGCCCTCAGCTTAACTGGGGAACTGCAGCTGAAACTATTTTTCTTGAGTGCAGAAGAGGAGAGTGGAACTCCATGTGTAGCGGTGGAATGCGTAGATATATGGAAGAACACCAGTGGCGAAGGCGGCTCTCTGGTCTGTAACTGACGCTGAGGTTCGAAAGCATGGGTAGCGAACAGGATTAGATACCCTGGTAGTCCATGCCGTAAACGATGAGTGCTAAGTGTTGGGAGGTTTCCGCCTCTCAGTGCTGCAGCTAACGCATTAAGCACTCCGCCTGGGGAGTACGACCGCAAGGTTAAAACTCAAAGGAATTGACGGGGGCCCGCACAAGCGGTGGAGCATGTGGTTTAATTCGAAGCAACGCGAAGAACCTTACCAGGTCTTGACATCTAGCGCCAGTCCTAGAGATAGGATGTTTCCTTCGGGAACGCTAAGACAGGTGGTGCATGGCTGTCGTCAGCTCGTGTCGTGAGATGTTGGGTTAAGTCCCGCAACGAGCGCAACCCTTATTATTAGTTGCCAGCATTAAGTTGGGCACTCTAATGAGACTGCCGGTGACAAACCGGAGGAAGGTGGGGACGACGTCAAGTCATCATGCCCCTTATGACCTGGGCTACACACGTGCTACAATGGTTAGTACAACGAGCAGCGAACCTGCAAAGGCAAGCGAATCTCTGAAAGCTAATCTCAGTTCGGATTGCACTCTGCAACTCGAGTGCATGAAGCTGGAATCGCTAGTAATCGCGGATCAGCACGCCGCGGTGAATACGTTCCCGGGCCTTGTACACACCGCCCGTCACACCATGAGAGTCTGTAATGCCCAAAGCCGGTAGGATAACCTGCAAAGGAGTCAGCCGTCTAAGGCAGGACAGATGATTAGGGTGAAGTCGTAACAAGGTAGCCGTAGGAGAACCTGCGGCTGGATCACCTCCTTT
61,ESL0820,GATGAACGCTGGCGGCGTGCTTAACACATGCAAGTCGAACGGGATCCGCCAAGCTTGCTTGGCGGTGAGAGTGGCGAACGGGTGAGTAATGCGTGACCAACCTGCCCTATGCTTCGGAATAGCTCCTGGAAACGGGTGGTAATGCCGGATGCTCCGCGCTGTCGCATGATGGTGCGGGAAAGGGTTTACCGGCATGGGATGGGGTCGCGTCCTATCAGCTTGTTGGCGGGGTGATGGCCTGCCAAGGCTTCGACGGGTAGCCGGCCTGAGAGGGCGACCGGCCACATTGGGACTGAGATACGGCCCAGACTCCTACGGGAGGCAGCAGTGGGGAATATTGCACAATGGGCGAAAGCCTGATGCAGCGACGCCGCGTGCGGGATGACGGCCTTCGGGTTGTAAACCGCTTTTGATTGGGAGCAAGCGAGAGTGAGTGTACCTTTCGAATAAGCACCGGCTAACTACGTGCCAGCAGCCGCGGTAATACGTAGGGTGCAAGCGTTATCCGGATTTATTGGGCGTAAAGAGCTCGTAGGCGGTTCGTCGCGTCTGGTGTGAAAGTCCATCGCTTAACGGTGGATCGGCGCCGGGTACGGGCGGACTGGAGTGCGGTAGGGGAGACTGGAATTCCCGGTGTAACGGTGGAATGTGTAGATATCGGGAAGAACACCGATGGCGAAGGCAGGTCTCTGGGCCGTCACTGACGCTGAGGAGCGAAAGCGTGGGGAGCGAACAGGATTAGATACCCTGGTAGTCCACGCCGTAAACGGTGGATGCTGGATGTGGGGCCCGTTCCACGGGTTCCGTGTCGGAGCTAACGCGTTAAGCATCCCGCCTGGGGAGTACGGCCGCAAGGCTAAAACTCAAAGAAATTGACGGGGGCCCGCACAAGCGGCGGAGCATGCGGATTAATTCGATGCAACGCGAAGAACCTTACCTGGGCTTGACATGTGCCGGACGGCCGCGGAGACGCGGCTTCCCTTCGGGGCCGGTTCACAGGTGGTGCATGGTCGTCGTCAGCTCGTGTCGTGAGATGTTGGGTCAAGTCCCGCAACGAGCGCAACCCTCGCCTCGTGTTGCCAGCACGTTATGGTGGGAACTCACGGGGGACCGCCGGGGTTAACCCGGAGGAAGGTGGGGATGACGTCAGATCATCATGCCCCTTACGTCCAGGGCTTCACGCATGCTACAATGGCCGGTACAACGGGATGCGACATGGTGACATGGAGCGGATCCCTGAAAACCGGTCTCAGTTCGGATCGGAGCCTGCAACCCGGCTCCGTGAAGGCGGAGTCGCTAGTAATCGCGGATCAGCAACGCCGCGGTGAATGCGTTCCCGGGCCTTGTACACACCGCCCGTCAAGTCATGAAAGTGGGCAGCACCCGAAGCCGGTGGCCCAACCCGTTTGGGGGGGAGCCGTCTAAGGTGAGGTCCGCGATTGGGACT
62,ESL0827,GATGAACGCTGGCGGCGTGCTTAACACATGCAAGTCGAACGGGATCCAGGCAGCTTGCTGTCTGGTGAGAGTGGCGAACGGGTGAGTAATGCGTGACCAACCTGCCCCATGCTTCGGAATAGCTCCTGGAAACGGGTGGTAATGCCGGATGCTCCGCATCATCGCATGATGGTGTGGGAAAGGGTTTACCGGCATGGGATGGGGTCGCGTCCTATCAGCTTGTTGGCGGGGTGATGGCCTGCCAAGGCTTCGACGGGTAGCCGGCCTGAGAGGGCGACCGGCCACATTGGGACTGAGATACGGCCCAGACTCCTACGGGAGGCAGCAGTGGGGAATATTGCACAATGGGCGCAAGCCTGATGCAGCGACGCCGCGTGCGGGATGACGGCCTTCGGGTTGTAAACCGCTTTTGATTGGGAGCAAGCGAGAGTGAGTGTACCTTTCGAATAAGCACCGGCTAACTACGTGCCAGCAGCCGCGGTAATACGTAGGGTGCAAGCGTTATCCGGATTTATTGGGCGTAAAGAGCTCGTAGGCGGTTCGTCGCGTCTGGTGTGAAAGTCCATCGCTTAACGGTGGATCGGCGCCGGGTACGGGCGGACTGGAGTGCGGTAGGGGAGACTGGAATTCCCGGTGTAACGGTGGAATGTGTAGATATCGGGAAGAACACCGATGGCGAAGGCAGGTCTCTGGGCCGTCACTGACGCTGAGGAGCGAAAGCGTGGGGAGCGAACAGGATTAGATACCCTGGTAGTCCACGCCGTAAACGGTGGATGCTGGATGTGGGGCCCGTTCCACGGGTTCCGTGTCGGAGCTAACGCGTTAAGCATCCCGCCTGGGGAGTACGGCCGCAAGGCTAAAACTCAAAGAAATTGACGGGGGCCCGCACAAGCGGCGGAGCATGCGGATTAATTCGATGCAACGCGAAGAACCTTACCTGGGCTTGACATGTGCCGGACGGCCGCGGAGACGTGGCTTCCCTTCGGGGCCGGTTCACAGGTGGTGCATGGTCGTCGTCAGCTCGTGTCGTGAGATGTTGGGTCAAGTCCCGCAACGAGCGCAACCCTCGCCTCGTGTTGCCAGCACGTTATGGTGGGAACTCACGGGGGACCGCCGGGGTTAACCCGGAGGAAGGTGGGGATGACGTCAGATCATCATGCCCCTTACGTCCAGGGCTTCACGCATGCTACAATGGCCGGTACAGCGGGATGCGACATGGTGACATGGAGCGGATCCCTGAAAACCGGTCTCAGTTCGGATCGGAGCCTGCAACCCGGCTCCGTGAAGGCGGAGTCGCTAGTAATCGCGGATCAGCAACGCCGCGGTGAATGCGTTCCCGGGCCTTGTACACACCGCCCGTCAAGTCATGAAAGTGGGCAGCACCCGAAGCCGGTGGCCCAACCCGCGAGGGGGGGAGCCGTCTAAGGTGAGGTCCGCGATTGGGACT
