uid,strain,count,total,seq
63,ESL0825,24,25600,ATTGAACGCTGGCGGCAGGCTTAACACATGCAAGTCGAACGGTAACATGAGTGCTTGCACTTGATGACGAGTGGCGGACGGGTGAGTAAAGTATGGGGATCTGCCGAATGGAGGGGGACAACAGTTGGAAACGACTGCTAATACCGCATAAAGTTGAGAGACCAAAGCATGGGACCTTCGGGCCATGCGCCATTTGATGAACCCATATGGGATTAGCTAGTTGGTAGGGTAATGGCTTACCAAGGCGACGATCTCTAGCTGGTCTGAGAGGATGACCAGCCACACTGGAACTGAGACACGGTCCAGACTCCTACGGGAGGCAGCAGTGGGGAATATTGCACAATGGGGGAAACCCTGATGCAGCCATGCCGCGTGTATGAAGAAGGCCTTCGGGTTGTAAAGTACTTTCGGTGATGAGGAAGGTGGTGTATCTAATAGGTGCATCAATTGACGTTAATTACAGAAGAAGCACCGGCTAACTCCGTGCCAGCAGCCGCGGTAATACGGAGGGTGCGAGCGTTAATCGGAATGACTGGGCGTAAAGGGCATGTAGGCGGATAATTAAGTTAGGTGTGAAAGCCCTGGGCTCAACCTAGGAATTGCACTTAAAACTGGTTAACTAGAGTATTGTAGAGGAAGGTAGAATTCCACGTGTAGCGGTGAAATGCGTAGAGATGTGGAGGAATACCGGTGGCGAAGGCGGCCTTCTGGACAGATACTGACGCTGAGATGCGAAAGCGTGGGGAGCAAACAGGATTAGATACCCTGGTAGTCCACGCTGTAAACGATGTCGATTTGGAGTTTGTTGCCCTGAGTGATGGGCTCCGAAGCTAACGCGATAAATCGACCGCCTGGGGAGTACGGCCGCAAGGTTAAAACTCAAATGAATTGACGGGGGCCCGCACAAGCGGTGGAGCATGTGGTTTAATTCGATGCAACGCGAAGAACCTTACCTGGTCTTGACATCCACAGAATCTTGCAGAGATGCGGGAGTGCCTTCGGGAACTGTGAGACAGGTGCTGCATGGCTGTCGTCAGCTCGTGTTGTGAAATGTTGGGTTAAGTCCCGCAACGAGCGCAACCCTTATCCTTTGTTGCCATCGGTTAGGCCGGGAACTCAAAGGAGACTGCCGTTGATAAAGCGGAGGAAGGTGGGGACGACGTCAAGTCATCATGGCCCTTACGACCAGGGCTACACACGTGCTACAATGGCGTATACAAAGGGAGGCGACCTCGCGAGAGCAAGCGGACCTCATAAAGTACGTCTAAGTCCGGATTGGAGTCTGCAACTCGACTCCATGAAGTCGGAATCGCTAGTAATCGTGAATCAGAATGTCACGGTGAATACGTTCCCGGGCCTTGTACACACCGCCCGTCACACCATGGGAGTGGGTTGCACCAGAAGTAGATAGCTTAACCTTCGGGAGGGCGTTTACCACGGTGTGGTCCATGACTGGGGTG
63,ESL0827,26,11375,ATTGAACGCTGGCGGCAGGCTTAACACATGCAAGTCGAACGGTAACATGAGTGCTTGCACTTGATGACGAGTGGCGGACGGGTGAGTAAAGTATGGGGATCTGCCGAATGGAGGGGGACAACAGTTGGAAACGACTGCTAATACCGCATAAAGTTGAGAGACCAAAGCATGGGACCTTCGGGCCATGCGCCATTTGATGAACCCATATGGGATTAGCTAGTTGGTAGGGTAATGGCTTACCAAGGCGACGATCTCTAGCTGGTCTGAGAGGATGACCAGCCACACTGGAACTGAGACACGGTCCAGACTCCTACGGGAGGCAGCAGTGGGGAATATTGCACAATGGGGGAAACCCTGATGCAGCCATGCCGCGTGTATGAAGAAGGCCTTCGGGTTGTAAAGTACTTTCGGTGATGAGGAAGGTGGTGTATCTAATAGGTGCATCAATTGACGTTAATTACAGAAGAAGCACCGGCTAACTCCGTGCCAGCAGCCGCGGTAATACGGAGGGTGCGAGCGTTAATCGGAATGACTGGGCGTAAAGGGCATGTAGGCGGATAATTAAGTTAGGTGTGAAAGCCCTGGGCTCAACCTAGGAATTGCACTTAAAACTGGTTAACTAGAGTATTGTAGAGGAAGGTAGAATTCCACGTGTAGCGGTGAAATGCGTAGAGATGTGGAGGAATACCGGTGGCGAAGGCGGCCTTCTGGACAGATACTGACGCTGAGATGCGAAAGCGTGGGGAGCAAACAGGATTAGATACCCTGGTAGTCCACGCTGTAAACGATGTCGATTTGGAGTTTGTTGCCCTGAGTGATGGGCTCCGAAGCTAACGCGATAAATCGACCGCCTGGGGAGTACGGCCGCAAGGTTAAAACTCAAATGAATTGACGGGGGCCCGCACAAGCGGTGGAGCATGTGGTTTAATTCGATGCAACGCGAAGAACCTTACCTGGTCTTGACATCCACAGAATCTTGCAGAGATGCGGGAGTGCCTTCGGGAACTGTGAGACAGGTGCTGCATGGCTGTCGTCAGCTCGTGTTGTGAAATGTTGGGTTAAGTCCCGCAACGAGCGCAACCCTTATCCTTTGTTGCCATCGGTTAGGCCGGGAACTCAAAGGAGACTGCCGTTGATAAAGCGGAGGAAGGTGGGGACGACGTCAAGTCATCATGGCCCTTACGACCAGGGCTACACACGTGCTACAATGGCGTATACAAAGGGAGGCGACCTCGCGAGAGCAAGCGGACCTCATAAAGTACGTCTAAGTCCGGATTGGAGTCTGCAACTCGACTCCATGAAGTCGGAATCGCTAGTAATCGTGAATCAGAATGTCACGGTGAATACGTTCCCGGGCCTTGTACACACCGCCCGTCACACCATGGGAGTGGGTTGCACCAGAAGTAGATAGCTTAACCTTCGGGAGGGCGTTTACCACGGTGTGGTCCATGACTGGGGTG
64,ESL0824,43825,91255,GACGAACGCTGGCGGCGTGCCTAATACATGCAAGTCGAGCGAGCAAAGTTAAAGGAATACTTCGGTAGGAATTTAATAGCGCGAGCGGCGGATGGGTGAGTAACACGTGGGCAACCTGCCCTTTAGCTTGGGATACCACTTGGAAACAGGTGCTAATACCAAATAAGAAGTAAGAGCGCATGCTCAAGCTATGAAAGGCGGCTTTGAGCTGTCACTAAAGGATGGGCCCGCGGTGCATTAGCTAGTTGGTAAGGTAACGGCTTACCAAGGCAATGATGCATAGCCGAGTTGAGAGACTGATCGGCCACATTGGGACTGAGACACGGCCCAAACTCCTACGGGAGGCAGCAGTAGGGAATCTTCCACAATGGACGCAAGTCTGATGGAGCAACGCCGCGTGAGTGAAGAAGGTTTTCGGATCGTAAAGCTCTGTTGTTGGTGAAGAAGGACATGGGTAGTAACTGATCTATGTTTGACGGTAATCAACCAGAAAGTCACGGCTAACTACGTGCCAGCAGCCGCGGTAATACGTAGGTGGCAAGCGTTGTCCGGATTTATTGGGCGTAAAGCGAACGCAGGCGGGAGAACAAGTCAGCTGTGAAAGCCCTCGGCTTAACCGAGGAACGGCAACTGAAACTGTTTTTCTTGAGTGCAGAAGAGGAGAGTGGAACTCCATGTGTAGCGGTGAAATGCGTAGATATATGGAAGAACACCAGTGGCGAAGGCGGCTCTCTGGTCTGTAACTGACGCTGAGGTTCGAAAGCATGGGTAGCGAACAGGATTAGATACCCTGGTAGTCCATGCCGTAAACGATGAGTGCTAAGTGTTGGGAGGTTTCCGCCTCTCAGTGCTGCAGCTAACGCATTAAGCACTCCGCCTGGGGAGTACGACCGCAAGGTTAAAACTCAAAGGAATTGACGGGGGCCCGCACAAGCGGTGGAGCATGTGGTTTAATTCGAAGCAACGCGAAGAACCTTACCAGGTCTTGACATCTAGTGCCAACCCTAGAGATAGGGTGTTTCCTTCGGGAACACTAAGACAGGTGGTGCATGGCTGTCGTCAGCTCGTGTCGTGAGATGTTGGGTTAAGTCCCGCAACGAGCGCAACCCTTATTATTAGTTGCCAGCATTAAGTTGGGCACTCTAATGAGACTGCCGGTGACAAACCGGAGGAAGGTGGGGACGACGTCAAGTCATCATGCCCCTTATGACCTGGGCTACACACGTGCTACAATGGTTAGTACAACGAGGAGCGAACCTGTGAAGGCAAGCGAATCTCTTAAAGCTAATCTCAGTTCGGATTGCACTCTGCAACTCGAGTGCATGAAGCTGGAATCGCTAGTAATCGCGGATCAGCATGCCGCGGTGAATACGTTCCCGGGCCTTGTACACACCGCCCGTCACACCATGAGAGTTTGTAATACCCAAAGCCGGTGAGATAACCTGTAAAGGAGTCAGCCGTCTAAGGTAGGACAGATGATTAGGGTG
64,ESL0825,8596,25600,GACGAACGCTGGCGGCGTGCCTAATACATGCAAGTCGAGCGAGCAAAGTTAAAGGAATACTTCGGTAGGAATTTAATAGCGCGAGCGGCGGATGGGTGAGTAACACGTGGGCAACCTGCCCTTTAGCTTGGGATACCACTTGGAAACAGGTGCTAATACCAAATAAGAAGTAAGAGCGCATGCTCAAGCTATGAAAGGCGGCTTTGAGCTGTCACTAAAGGATGGGCCCGCGGTGCATTAGCTAGTTGGTAAGGTAACGGCTTACCAAGGCAATGATGCATAGCCGAGTTGAGAGACTGATCGGCCACATTGGGACTGAGACACGGCCCAAACTCCTACGGGAGGCAGCAGTAGGGAATCTTCCACAATGGACGCAAGTCTGATGGAGCAACGCCGCGTGAGTGAAGAAGGTTTTCGGATCGTAAAGCTCTGTTGTTGGTGAAGAAGGACATGGGTAGTAACTGATCTATGTTTGACGGTAATCAACCAGAAAGTCACGGCTAACTACGTGCCAGCAGCCGCGGTAATACGTAGGTGGCAAGCGTTGTCCGGATTTATTGGGCGTAAAGCGAACGCAGGCGGGAGAACAAGTCAGCTGTGAAAGCCCTCGGCTTAACCGAGGAACGGCAACTGAAACTGTTTTTCTTGAGTGCAGAAGAGGAGAGTGGAACTCCATGTGTAGCGGTGAAATGCGTAGATATATGGAAGAACACCAGTGGCGAAGGCGGCTCTCTGGTCTGTAACTGACGCTGAGGTTCGAAAGCATGGGTAGCGAACAGGATTAGATACCCTGGTAGTCCATGCCGTAAACGATGAGTGCTAAGTGTTGGGAGGTTTCCGCCTCTCAGTGCTGCAGCTAACGCATTAAGCACTCCGCCTGGGGAGTACGACCGCAAGGTTAAAACTCAAAGGAATTGACGGGGGCCCGCACAAGCGGTGGAGCATGTGGTTTAATTCGAAGCAACGCGAAGAACCTTACCAGGTCTTGACATCTAGTGCCAACCCTAGAGATAGGGTGTTTCCTTCGGGAACACTAAGACAGGTGGTGCATGGCTGTCGTCAGCTCGTGTCGTGAGATGTTGGGTTAAGTCCCGCAACGAGCGCAACCCTTATTATTAGTTGCCAGCATTAAGTTGGGCACTCTAATGAGACTGCCGGTGACAAACCGGAGGAAGGTGGGGACGACGTCAAGTCATCATGCCCCTTATGACCTGGGCTACACACGTGCTACAATGGTTAGTACAACGAGGAGCGAACCTGTGAAGGCAAGCGAATCTCTTAAAGCTAATCTCAGTTCGGATTGCACTCTGCAACTCGAGTGCATGAAGCTGGAATCGCTAGTAATCGCGGATCAGCATGCCGCGGTGAATACGTTCCCGGGCCTTGTACACACCGCCCGTCACACCATGAGAGTTTGTAATACCCAAAGCCGGTGAGATAACCTGTAAAGGAGTCAGCCGTCTAAGGTAGGACAGATGATTAGGGTG
65,ESL0824,33216,91255,GATGAACGCTGGCGGCGTGCTTAACACATGCAAGTCGAACGGGATCCGCCAAGCTTGCTTGGTGGTGAGAGTGGCGAACGGGTGAGTAATGCGTGACCAACCTGCCCCATGCTTCGGAATAGCTCCTGGAAACGGGTGGTAATGCCGGATGCTCCGCATCATCGCATGATGGTGTGGGAAAGGGTTTACCGGCATGGGATGGGGTCGCGTCCTATCAGCTTGTTGGCGGGGTGATGGCCTGCCAAGGCTTCGACGGGTAGCCGGCCTGAGAGGGCGACCGGCCACATTGGGACTGAGATACGGCCCAGACTCCTACGGGAGGCAGCAGTGGGGAATATTGCACAATGGGCGCAAGCCTGATGCAGCGACGCCGCGTGCGGGATGACGGCCTTCGGGTTGTAAACCGCTTTTGATTGGGAGCAAGCGAGAGTGAGTGTACCTTTCGAATAAGCACCGGCTAACTACGTGCCAGCAGCCGCGGTAATACGTAGGGTGCAAGCGTTATCCGGATTTATTGGGCGTAAAGAGCTCGTAGGCGGTTCGTCGCGTCTGGTGTGAAAGTCCATCGCTTAACGGTGGATCGGCGCCGGGTACGGGCGGACTGGAGTGCGGTAGGGGAGACTGGAATTCCCGGTGTAACGGTGGAATGTGTAGATATCGGGAAGAACACCGATGGCGAAGGCAGGTCTCTGGGCCGTCACTGACGCTGAGGAGCGAAAGCGTGGGGAGCGAACAGGATTAGATACCCTGGTAGTCCACGCCGTAAACGGTGGATGCTGGATGTGGGGCCCGTTCCACGGGTTCCGTGTCGGAGCTAACGCGTTAAGCATCCCGCCTGGGGAGTACGGCCGCAAGGCTAAAACTCAAAGAAATTGACGGGGGCCCGCACAAGCGGCGGAGCATGCGGATTAATTCGATGCAACGCGAAGAACCTTACCTGGGCTTGACATGTGCCGGACGGCCGCGGAGACGCGGCTTCCCTTCGGGGCCGGTTCACAGGTGGTGCATGGTCGTCGTCAGCTCGTGTCGTGAGATGTTGGGTCAAGTCCCGCAACGAGCGCAACCCTCGCCTCGTGTTGCCAGCACGTTATGGTGGGAACTCACGGGGGACCGCCGGGGTTAACCCGGAGGAAGGTGGGGATGACGTCAGATCATCATGCCCCTTACGTCCAGGGCTTCACGCATGCTACAATGGCCGGTACAACGGGATGCGACATGGTGACATGGAGCGGATCCCTGAAAACCGGTCTCAGTTCGGATCGGAGCCTGCAACCCGGCTCCGTGAAGGCGGAGTCGCTAGTAATCGCGGATCAGCAACGCCGCGGTGAATGCGTTCCCGGGCCTTGTACACACCGCCCGTCAAGTCATGAAAGTGGGCAGCACCCGAAGCCGGTGGCCCAACCCGTTTGGGGGGGAGCCGTCTAAGGTGAGGTCCGCGATTGGGACT
65,ESL0825,11,25600,GATGAACGCTGGCGGCGTGCTTAACACATGCAAGTCGAACGGGATCCGCCAAGCTTGCTTGGTGGTGAGAGTGGCGAACGGGTGAGTAATGCGTGACCAACCTGCCCCATGCTTCGGAATAGCTCCTGGAAACGGGTGGTAATGCCGGATGCTCCGCATCATCGCATGATGGTGTGGGAAAGGGTTTACCGGCATGGGATGGGGTCGCGTCCTATCAGCTTGTTGGCGGGGTGATGGCCTGCCAAGGCTTCGACGGGTAGCCGGCCTGAGAGGGCGACCGGCCACATTGGGACTGAGATACGGCCCAGACTCCTACGGGAGGCAGCAGTGGGGAATATTGCACAATGGGCGCAAGCCTGATGCAGCGACGCCGCGTGCGGGATGACGGCCTTCGGGTTGTAAACCGCTTTTGATTGGGAGCAAGCGAGAGTGAGTGTACCTTTCGAATAAGCACCGGCTAACTACGTGCCAGCAGCCGCGGTAATACGTAGGGTGCAAGCGTTATCCGGATTTATTGGGCGTAAAGAGCTCGTAGGCGGTTCGTCGCGTCTGGTGTGAAAGTCCATCGCTTAACGGTGGATCGGCGCCGGGTACGGGCGGACTGGAGTGCGGTAGGGGAGACTGGAATTCCCGGTGTAACGGTGGAATGTGTAGATATCGGGAAGAACACCGATGGCGAAGGCAGGTCTCTGGGCCGTCACTGACGCTGAGGAGCGAAAGCGTGGGGAGCGAACAGGATTAGATACCCTGGTAGTCCACGCCGTAAACGGTGGATGCTGGATGTGGGGCCCGTTCCACGGGTTCCGTGTCGGAGCTAACGCGTTAAGCATCCCGCCTGGGGAGTACGGCCGCAAGGCTAAAACTCAAAGAAATTGACGGGGGCCCGCACAAGCGGCGGAGCATGCGGATTAATTCGATGCAACGCGAAGAACCTTACCTGGGCTTGACATGTGCCGGACGGCCGCGGAGACGCGGCTTCCCTTCGGGGCCGGTTCACAGGTGGTGCATGGTCGTCGTCAGCTCGTGTCGTGAGATGTTGGGTCAAGTCCCGCAACGAGCGCAACCCTCGCCTCGTGTTGCCAGCACGTTATGGTGGGAACTCACGGGGGACCGCCGGGGTTAACCCGGAGGAAGGTGGGGATGACGTCAGATCATCATGCCCCTTACGTCCAGGGCTTCACGCATGCTACAATGGCCGGTACAACGGGATGCGACATGGTGACATGGAGCGGATCCCTGAAAACCGGTCTCAGTTCGGATCGGAGCCTGCAACCCGGCTCCGTGAAGGCGGAGTCGCTAGTAATCGCGGATCAGCAACGCCGCGGTGAATGCGTTCCCGGGCCTTGTACACACCGCCCGTCAAGTCATGAAAGTGGGCAGCACCCGAAGCCGGTGGCCCAACCCGTTTGGGGGGGAGCCGTCTAAGGTGAGGTCCGCGATTGGGACT
66,ESL0824,14190,91255,GACGAACGCTGGCGGCGTGCCTAATACATGCAAGTCGAGCGAGCAAAGTTAAAGGAATACTTCGGTAGGAATTTAATAGCGCGAGCGGCGGATGGGTGAGTAACACGTGGGCAACCTCCCCTTTAGCTTGGGATACCACTTGGAAACAGGTGCTAATACCAAATAAGAAGTAAGAGCGCATGCTCAAGCTATGAAAGGCGGCTTTGAGCTGTCACTAAAGGATGGGCCCGCGGTGCATTAGCTAGTTGGTAAGGTAACGGCTTACCAAGGCAATGATGCATAGCCGAGTTGAGAGACTGATCGGCCACATTGGGACTGAGACACGGCCCAAACTCCTACGGGAGGCAGCAGTAGGGAATCTTCCACAATGGACGCAAGTCTGATGGAGCAACGCCGCGTGAGTGAAGAAGGTTTTCGGATCGTAAAGCTCTGTTGTTGGTGAAGAAGGACATGGGTAGTAACTGATCTATGTTTGACGGTAATCAACCAGAAAGTCACGGCTAACTACGTGCCAGCAGCCGCGGTAATACGTAGGTGGCAAGCGTTGTCCGGATTTATTGGGCGTAAAGCGAACGCAGGCGGGAGAACAAGTCAGCTGTGAAAGCCCTCGGCTTAACCGAGGAACGGCAACTGAAACTGTTTTTCTTGAGTGCAGAAGAGGAGAGTGGAACTCCATGTGTAGCGGTGAAATGCGTAGATATATGGAAGAACACCAGTGGCGAAGGCGGCTCTCTGGTCTGTAACTGACGCTGAGGTTCGAAAGCATGGGTAGCGAACAGGATTAGATACCCTGGTAGTCCATGCCGTAAACGATGAGTGCTAAGTGTTGGGAGGTTTCCGCCTCTCAGTGCTGCAGCTAACGCATTAAGCACTCCGCCTGGGGAGTACGACCGCAAGGTTAAAACTCAAAGGAATTGACGGGGGCCCGCACAAGCGGTGGAGCATGTGGTTTAATTCGAAGCAACGCGAAGAACCTTACCAGGTCTTGACATCTAGTGCCAACCCTAGAGATAGGGTGTTTCCTTCGGGAACACTAAGACAGGTGGTGCATGGCTGTCGTCAGCTCGTGTCGTGAGATGTTGGGTTAAGTCCCGCAACGAGCGCAACCCTTATTATTAGTTGCCAGCATTAAGTTGGGCACTCTAATGAGACTGCCGGTGACAAACCGGAGGAAGGTGGGGACGACGTCAAGTCATCATGCCCCTTATGACCTGGGCTACACACGTGCTACAATGGTTAGTACAACGAGGAGCGAACCTGTGAAGGCAAGCGAATCTCTTAAAGCTAATCTCAGTTCGGATTGCACTCTGCAACTCGAGTGCATGAAGCTGGAATCGCTAGTAATCGCGGATCAGCATGCCGCGGTGAATACGTTCCCGGGCCTTGTACACACCGCCCGTCACACCATGAGAGTTTGTAATACCCAAAGCCGGTGAGATAACCTGTAAAGGAGTCAGCCGTCTAAGGTAGGACAGATGATTAGGGTG
66,ESL0825,2940,25600,GACGAACGCTGGCGGCGTGCCTAATACATGCAAGTCGAGCGAGCAAAGTTAAAGGAATACTTCGGTAGGAATTTAATAGCGCGAGCGGCGGATGGGTGAGTAACACGTGGGCAACCTCCCCTTTAGCTTGGGATACCACTTGGAAACAGGTGCTAATACCAAATAAGAAGTAAGAGCGCATGCTCAAGCTATGAAAGGCGGCTTTGAGCTGTCACTAAAGGATGGGCCCGCGGTGCATTAGCTAGTTGGTAAGGTAACGGCTTACCAAGGCAATGATGCATAGCCGAGTTGAGAGACTGATCGGCCACATTGGGACTGAGACACGGCCCAAACTCCTACGGGAGGCAGCAGTAGGGAATCTTCCACAATGGACGCAAGTCTGATGGAGCAACGCCGCGTGAGTGAAGAAGGTTTTCGGATCGTAAAGCTCTGTTGTTGGTGAAGAAGGACATGGGTAGTAACTGATCTATGTTTGACGGTAATCAACCAGAAAGTCACGGCTAACTACGTGCCAGCAGCCGCGGTAATACGTAGGTGGCAAGCGTTGTCCGGATTTATTGGGCGTAAAGCGAACGCAGGCGGGAGAACAAGTCAGCTGTGAAAGCCCTCGGCTTAACCGAGGAACGGCAACTGAAACTGTTTTTCTTGAGTGCAGAAGAGGAGAGTGGAACTCCATGTGTAGCGGTGAAATGCGTAGATATATGGAAGAACACCAGTGGCGAAGGCGGCTCTCTGGTCTGTAACTGACGCTGAGGTTCGAAAGCATGGGTAGCGAACAGGATTAGATACCCTGGTAGTCCATGCCGTAAACGATGAGTGCTAAGTGTTGGGAGGTTTCCGCCTCTCAGTGCTGCAGCTAACGCATTAAGCACTCCGCCTGGGGAGTACGACCGCAAGGTTAAAACTCAAAGGAATTGACGGGGGCCCGCACAAGCGGTGGAGCATGTGGTTTAATTCGAAGCAACGCGAAGAACCTTACCAGGTCTTGACATCTAGTGCCAACCCTAGAGATAGGGTGTTTCCTTCGGGAACACTAAGACAGGTGGTGCATGGCTGTCGTCAGCTCGTGTCGTGAGATGTTGGGTTAAGTCCCGCAACGAGCGCAACCCTTATTATTAGTTGCCAGCATTAAGTTGGGCACTCTAATGAGACTGCCGGTGACAAACCGGAGGAAGGTGGGGACGACGTCAAGTCATCATGCCCCTTATGACCTGGGCTACACACGTGCTACAATGGTTAGTACAACGAGGAGCGAACCTGTGAAGGCAAGCGAATCTCTTAAAGCTAATCTCAGTTCGGATTGCACTCTGCAACTCGAGTGCATGAAGCTGGAATCGCTAGTAATCGCGGATCAGCATGCCGCGGTGAATACGTTCCCGGGCCTTGTACACACCGCCCGTCACACCATGAGAGTTTGTAATACCCAAAGCCGGTGAGATAACCTGTAAAGGAGTCAGCCGTCTAAGGTAGGACAGATGATTAGGGTG
67,ESL0825,14026,25600,GATGAACGCTGGCGGCGTGCTTAACACATGCAAGTCGAACGGGATCCGCCAAGCTTGCTTGGCGGTGAGAGTGGCGAACGGGTGAGTAATGCGTGACCAACCTGCCCCGTGCTTCGGAATAGCTCCTGGAAACGGGTGGTAATGCCGGATGCTCCGCATCATCGCATGATGGTGCGGGAAAGGGTTTACCGGCATGGGATGGGGTCGCGTCCTATCAGCTTGTTGGCGGGGTGATGGCCTGCCAAGGCTTCGACGGGTAGCCGGCCTGAGAGGGCGACCGGCCACATTGGGACTGAGATACGGCCCAGACTCCTACGGGAGGCAGCAGTGGGGAATATTGCACAATGGGCGAAAGCCTGATGCAGCGACGCCGCGTGCGGGATGACGGCCTTCGGGTTGTAAACCGCTTTTGATTGGGAGCAAGCGAGAGTGAGTGTACCTTTCGAATAAGCACCGGCTAACTACGTGCCAGCAGCCGCGGTAATACGTAGGGTGCAAGCGTTATCCGGATTTATTGGGCGTAAAGAGCTCGTAGGCGGTTCGTCGCGTCTGGTGTGAAAGTCCATCGCTTAACGGTGGATCGGCGCCGGGTACGGGCGGACTGGAGTGCGGTAGGGGAGACTGGAATTCCCGGTGTAACGGTGGAATGTGTAGATATCGGGAAGAACACCGATGGCGAAGGCAGGTCTCTGGGCCGTCACTGACGCTGAGGAGCGAAAGCGTGGGGAGCGAACAGGATTAGATACCCTGGTAGTCCACGCCGTAAACGGTGGATGCTGGATGTGGGGCCCGTTCCACGGGTTCCGTGTCGGAGCTAACGCGTTAAGCATCCCGCCTGGGGAGTACGGCCGCAAGGCTAAAACTCAAAGAAATTGACGGGGGCCCGCACAAGCGGCGGAGCATGCGGATTAATTCGATGCAACGCGAAGAACCTTACCTGGGCTTGACATGTGCCGGACGGCCGCGGAGACGCGGCTTCCCTTCGGGGCCGGTTCACAGGTGGTGCATGGTCGTCGTCAGCTCGTGTCGTGAGATGTTGGGTCAAGTCCCGCAACGAGCGCAACCCTCGCCTCGTGTTGCCAGCGGGTCATGCCGGGAACTCACGGGGGACCGCCGGGGTTAACCCGGAGGAAGGTGGGGATGACGTCAGATCATCATGCCCCTTACGTCCAGGGCTTCACGCATGCTACAATGGCCGGTACAACGGGATGCGACATGGCGACATGGAGCGGATCCCTGAAAACCGGTCTCAGTTCGGATCGGAGCCTGCAACCCGGCTCCGTGAAGGCGGAGTCGCTAGTAATCGCGGATCAGCAACGCCGCGGTGAATGCGTTCCCGGGCCTTGTACACACCGCCCGTCAAGTCATGAAAGTGGGCAGCACCCGAAGCCGGTGGCCCAACCCGTTTGGGGGGGAGCCGTCTAAGGTGAGGTCCGCGATTGGGACT
68,ESL0822,47766,47766,GATGAACGCTGGCGGCGTGCTTAACACATGCAAGTCGAACGGGATCCGCCAAGCTTGCTTGGTGGTGAGAGTGGCGAACGGGTGAGTAATGCGTGACCAACCTGCCCCATGCTTCGGAATAGCTCCTGGAAACGGGTGGTAATGCCGGATGCTCCGCACCGTCGCATGATGGTGTGGGAAAGGGTTTACCGGCATGGGATGGGGTCGCGTCCTATCAGCTTGTTGGCGGGGTGATGGCCTGCCAAGGCTTCGACGGGTAGCCGGCCTGAGAGGGCGACCGGCCACATTGGGACTGAGATACGGCCCAGACTCCTACGGGAGGCAGCAGTGGGGAATATTGCACAATGGGCGAAAGCCTGATGCAGCGACGCCGCGTGCGGGATGACGGCCTTCGGGTTGTAAACCGCTTTTGATTGGGAGCAAGCGAGAGTGAGTGTACCTTTCGAATAAGCACCGGCTAACTACGTGCCAGCAGCCGCGGTAATACGTAGGGTGCAAGCGTTATCCGGATTTATTGGGCGTAAAGGGCTCGTAGGCGGTTCGTCGCGTCTGGTGTGAAAGTCCATCGCTTAACGGTGGATCGGCGCCGGGTACGGGCGGACTGGAGTGCGGTAGGGGAGACTGGAATTCCCGGTGTAACGGTGGAATGTGTAGATATCGGGAAGAACACCGATGGCGAAGGCAGGTCTCTGGGCCGTCACTGACGCTGAGGAGCGAAAGCGTGGGGAGCGAACAGGATTAGATACCCTGGTAGTCCACGCCGTAAACGGTGGATGCTGGATGTGGGGCCCGTTCCACGGGTTCCGTGTCGGAGCTAACGCGTTAAGCATCCCGCCTGGGGAGTACGGCCGCAAGGCTAAAACTCAAAGAAATTGACGGGGGCCCGCACAAGCGGCGGAGCATGCGGATTAATTCGATGCAACGCGAAGAACCTTACCTGGGCTTGACATGTGCCGGACGGCCGCGGAGACGCGGCTTCCCTTCGGGGCCGGTTCACAGGTGGTGCATGGTCGTCGTCAGCTCGTGTCGTGAGATGTTGGGTCAAGTCCCGCAACGAGCGCAACCCTCGCCTCGTGTTGCCAGCACGTTATGGTGGGAACTCACGGGGGACCGCCGGGGTTAACCCGGAGGAAGGTGGGGATGACGTCAGATCATCATGCCCCTTACGTCCAGGGCTTCACGCATGCTACAATGGCCGGTACAACGGGATGCGACATGGTGACATGGAGCGGATCCCTGAAAACCGGTCTCAGTTCGGATCGGAGCCTGCAACCCGGCTCCGTGAAGGCGGAGTCGCTAGTAATCGCGGATCAGCAACGCCGCGGTGAATGCGTTCCCGGGCCTTGTACACACCGCCCGTCAAGTCATGAAAGTGGGCAGCACCCGAAGCCGGTGGCCCAACCCGCAAGGGGGGGAGCCGTCTAAGGTGAGGTCCGCGATTGGGACT
69,ESL0170,35271,35271,GATGAACGCTGGCGGCGTGCTTAACACATGCAAGTCGAACGGGATCCGCCAAGCTTGCTTGGTGGTGAGAGTGGCGAACGGGTGAGTAATGCGTGACCAACCTGCCCCATGCTTCGGAATAGCTCCTGGAAACGGGTGGTAATGCCGGATGCTCCGCATCATCGCATGATGGTGTGGGAAAGGGTTTACCGGCATGGGATGGGGTCGCGTCCTATCAGCTTGTTGGCGGGGTGATGGCCTGCCAAGGCTTCGACGGGTAGCCGGCCTGAGAGGGCGACCGGCCACATTGGGACTGAGATACGGCCCAGACTCCTACGGGAGGCAGCAGTGGGGAATATTGCACAATGGGCGAAAGCCTGATGCAGCGACGCCGCGTGCGGGATGACGGCCTTCGGGTTGTAAACCGCTTTTGATTGGGAGCAAGCGAGAGTGAGTGTACCTTTCGAATAAGCACCGGCTAACTACGTGCCAGCAGCCGCGGTAATACGTAGGGTGCAAGCGTTATCCGGATTTATTGGGCGTAAAGGGCTCGTAGGCGGTTCGTCGCGTCTGGTGTGAAAGTCCATCGCTTAACGGTGGATCGGCGCCGGGTACGGGCGGACTGGAGTGCGGTAGGGGAGACTGGAATTCCCGGTGTAACGGTGGAATGTGTAGATATCGGGAAGAACACCGATGGCGAAGGCAGGTCTCTGGGCCGTCACTGACGCTGAGGAGCGAAAGCGTGGGGAGCGAACAGGATTAGATACCCTGGTAGTCCACGCCGTAAACGGTGGATGCTGGATGTGGGGCCCGTTCCACGGGTTCCGTGTCGGAGCTAACGCGTTAAGCATCCCGCCTGGGGAGTACGGCCGCAAGGCTAAAACTCAAAGAAATTGACGGGGGCCCGCACAAGCGGCGGAGCATGCGGATTAATTCGATGCAACGCGAAGAACCTTACCTGGGCTTGACATGTGCCGGACGGCCGCGGAGACGCGGCTTCCCTTCGGGGCCGGTTCACAGGTGGTGCATGGTCGTCGTCAGCTCGTGTCGTGAGATGTTGGGTCAAGTCCCGCAACGAGCGCAACCCTCGCCTCGTGTTGCCAGCACGTTATGGTGGGAACTCACGGGGGACCGCCGGGGTTAACCCGGAGGAAGGTGGGGATGACGTCAGATCATCATGCCCCTTACGTCCAGGGCTTCACGCATGCTACAATGGCCGGTACAACGGGATGCGACATGGTGACATGGAGCGGATCCCTGAAAACCGGTCTCAGTTCGGATCGGAGCCTGCAACCCGGCTCCGTGAAGGCGGAGTCGCTAGTAATCGCGGATCAGCAACGCCGCGGTGAATGCGTTCCCGGGCCTTGTACACACCGCCCGTCAAGTCATGAAAGTGGGCAGCACCCGAAGCCGGTGGCCCAACCCGCAAGGGGGGGAGCCGTCTAAGGTGAGGTCCGCGATTGGGACT
70,ESL0824,11,91255,GACGAACGCTGGCGGCGTGCCTAATACATGCAAGTCGAGCGAGCAAAGTTAAAGGAATACTTCGGTAGGAATTTAATAGCGCGAGCGGCGGATGGGTGAGTAACACGTGGGCAACCTGCCCTTTAGCTTGGGATACCACTTGGAAACAGGTGCTAATACCAAATAAGAAGTAAGAGCGCATGCTCAAGCTATGAAAGGCGGCTTTCGAGCTGTCACTAAAGGATGGGCCCGCGGTGCATTAGCTAGTTGGTAAGGTAACGGCTTACCAAGGCAATGATGCATAGCCGAGTTGAGAGACTGATCGGCCACATTGGGACTGAGACACGGCCCAAACTCCTACGGGAGGCAGCAGTAGGGAATCTTCCACAATGGACGCAAGTCTGATGGAGCAACGCCGCGTGAGTGAAGAAGGTTTTCGGATCGTAAAGCTCTGTTGTTGGTGAAGAAGGACATGGGTAGTAACTGATCTATGTTTGACGGTAATCAACCAGAAAGTCACGGCTAACTACGTGCCAGCAGCCGCGGTAATACGTAGGTGGCAAGCGTTGTCCGGATTTATTGGGCGTAAAGCGAACGCAGGCGGGAGAACAAGTCAGCTGTGAAAGCCCTCGGCTTAACCGAGGAACGGCAACTGAAACTGTTTTTCTTGAGTGCAGAAGAGGAGAGTGGAACTCCATGTGTAGCGGTGAAATGCGTAGATATATGGAAGAACACCAGTGGCGAAGGCGGCTCTCTGGTCTGTAACTGACGCTGAGGTTCGAAAGCATGGGTAGCGAACAGGATTAGATACCCTGGTAGTCCATGCCGTAAACGATGAGTGCTAAGTGTTGGGAGGTTTCCGCCTCTCAGTGCTGCAGCTAACGCATTAAGCACTCCGCCTGGGGAGTACGACCGCAAGGTTAAAACTCAAAGGAATTGACGGGGGCCCGCACAAGCGGTGGAGCATGTGGTTTAATTCGAAGCAACGCGAAGAACCTTACCAGGTCTTGACATCTAGTGCCAACCCTAGAGATAGGGTGTTTCCTTCGGGAACACTAAGACAGGTGGTGCATGGCTGTCGTCAGCTCGTGTCGTGAGATGTTGGGTTAAGTCCCGCAACGAGCGCAACCCTCGCCTCGTGTTGCCAGCACGTTATGGTGGGAACTCACGGGGGACCGCCGGGGTTAACCCGGAGGAAGGTGGGGATGACGTCAGATCATCATGCCCCTTACGTCCAGGGCTTCACGCATGCTACAATGGCCGGTACAACGGGATGCGACATGGTGACATGGAGCGGATCCCTGAAAACCGGTCTCAGTTCGGATCGGAGCCTGCAACCCGGCTCCGTGAAGGCGGAGTCGCTAGTAATCGCGGATCAGCAACGCCGCGGTGAATGCGTTCCCGGGCCTTGTACACACCGCCCGTCAAGTCATGAAAGTGGGCAGCACCCGAAGCCGGTGGCCCAACCCGTTTGGGGGGGAGCCGTCTAAGGTGAGGTCCGCGATTGGGACT
71,ESL0198,4325,4327,GATGAACGCTGGCGGCGTGCTTAACACATGCAAGTCGAACGGGATCCGCCAAGCTTGCTTGGTGGTGAGAGTGGCGAACGGGTGAGTAATGCGTGACCAACCTGCCCCATGCTTCGGAATAGCTCCTGGAAACGGGTGGTAATGCCGGATGCTCCGCATCATCGCATGATGGTGTGGGAAAGGGTTTACCGGCATGGGATGGGGTCGCGTCCTATCAGCTTGTTGGCGGGGTGATGGCCTGCCAAGGCTTCGACGGGTAGCCGGCCTGAGAGGGCGACCGGCCACATTGGGACTGAGATACGGCCCAGACTCCTACGGGAGGCAGCAGTGGGGAATATTGCACAATGGGCGCAAGCCTGATGCAGCGACGCCGCGTGCGGGATGACGGCCTTCGGGTTGTAAACCGCTTTTGATTGGGAGCAAGCGAGAGTGAGTGTACCTTTCGAATAAGCACCGGCTAACTACGTGCCAGCAGCCGCGGTAATACGTAGGGTGCAAGCGTTATCCGGATTTATTGGGCGTAAAGAGCTCGTAGGCGGTTCGTCGCGTCTGGTGTGAAAGTCCATCGCTTAACGGTGGATCGGCGCCGGGTACGGGCGGACTGGAGTGCGGTAGGGGAGACTGGAATTCCCGGTGTAACGGTGGAATGTGTAGATATCGGGAAGAACACCGATGGCGAAGGCAGGTCTCTGGGCCGTCACTGACGCTGAGGAGCGAAAGCGTGGGGAGCGAACAGGATTAGATACCCTGGTAGTCCACGCCGTAAACGGTGGATGCTGGATGTGGGGCCCGTTCCACGGGTTCCGTGTCGGAGCTAACGCGTTAAGCATCCCGCCTGGGGAGTACGGCCGCAAGGCTAAAACTCAAAGAAATTGACGGGGGCCCGCACAAGCGGCGGAGCATGCGGATTAATTCGATGCAACGCGAAGAACCTTACCTGGGCTTGACATGTGCCGGACGGCCGCGGAGACGCGGCTTCCCTTCGGGGCCGGTTCACAGGTGGTGCATGGTCGTCGTCAGCTCGTGTCGTGAGATGTTGGGTCAAGTCCCGCAACGAGCGCAACCCTCGCCTCGTGTTGCCAGCGGGTCATGCCGGGAACTCACGGGGGACCGCCGGGGTTAACCCGGAGGAAGGTGGGGATGACGTCAGATCATCATGCCCCTTACGTCCAGGGCTTCACGCATGCTACAATGGCCGGTACAACGGGATGCGACATGGTGACATGGAGCGGATCCCTGAAAACCGGTCTCAGTTCGGATCGGAGCCTGCAACCCGGCTCCGTGAAGGCGGAGTCGCTAGTAATCGCGGATCAGCAACGCCGCGGTGAATGCGTTCCCGGGCCTTGTACACACCGCCCGTCAAGTCATGAAAGTGGGCAGCACCCGAAGCCGGTGGCCCAACCCGTTTGGGGGGGAGCCGTCTAAGGTGAGGTCCGCGATTGGGACT
72,ESL0827,5904,11375,GATGAACGCTGGCGGCGTGCTTAACACATGCAAGTCGAACGGGATCCAGGCAGCTTGCTGTCTGGTGAGAGTGGCGAACGGGTGAGTAATGCGTGACCAACCTGCCCCATGCCTCGGAATAGCTCCTGGAAACGGGTGGTAATGCCGGATGCTCCGCATCATCGCATGATGGTGTGGGAAAGGGTTTACCGGCATGGGATGGGGTCGCGTCCTATCAGCTTGTTGGCGGGGTGATGGCCTGCCAAGGCTTCGACGGGTAGCCGGCCTGAGAGGGCGACCGGCCACATTGGGACTGAGATACGGCCCAGACTCCTACGGGAGGCAGCAGTGGGGAATATTGCACAATGGGCGCAAGCCTGATGCAGCGACGCCGCGTGCGGGATGACGGCCTTCGGGTTGTAAACCGCTTTTGATTGGGAGCAAGCGAGAGTGAGTGTACCTTTCGAATAAGCACCGGCTAACTACGTGCCAGCAGCCGCGGTAATACGTAGGGTGCAAGCGTTATCCGGATTTATTGGGCGTAAAGAGCTCGTAGGCGGTTCGTCGCGTCTGGTGTGAAAGTCCATCGCTTAACGGTGGATCGGCGCCGGGTACGGGCGGACTGGAGTGCGGTAGGGGAGACTGGAATTCCCGGTGTAACGGTGGAATGTGTAGATATCGGGAAGAACACCGATGGCGAAGGCAGGTCTCTGGGCCGTCACTGACGCTGAGGAGCGAAAGCGTGGGGAGCGAACAGGATTAGATACCCTGGTAGTCCACGCCGTAAACGGTGGATGCTGGATGTGGGGCCCGTTCCACGGGTTCCGTGTCGGAGCTAACGCGTTAAGCATCCCGCCTGGGGAGTACGGCCGCAAGGCTAAAACTCAAAGAAATTGACGGGGGCCCGCACAAGCGGCGGAGCATGCGGATTAATTCGATGCAACGCGAAGAACCTTACCTGGGCTTGACATGTGCCGGACGGCCGCGGAGACGTGGCTTCCCTTCGGGGCCGGTTCACAGGTGGTGCATGGTCGTCGTCAGCTCGTGTCGTGAGATGTTGGGTCAAGTCCCGCAACGAGCGCAACCCTCGCCTCGTGTTGCCAGCACGTTATGGTGGGAACTCACGGGGGACCGCCGGGGTTAACCCGGAGGAAGGTGGGGATGACGTCAGATCATCATGCCCCTTACGTCCAGGGCTTCACGCATGCTACAATGGCCGGTACAGCGGGATGCGACATGGTGACATGGAGCGGATCCCTGAAAACCGGTCTCAGTTCGGATCGGAGCCTGCAACCCGGCTCCGTGAAGGCGGAGTCGCTAGTAATCGCGGATCAGCAACGCCGCGGTGAATGCGTTCCCGGGCCTTGTACACACCGCCCGTCAAGTCATGAAAGTGGGCAGCACCCGAAGCCGGTGGCCCAACCCGCGAGGGGGGGAGCCGTCTAAGGTGAGGTCCGCGATTGGGACT
73,ESL0827,5427,11375,GATGAACGCTGGCGGCGTGCTTAACACATGCAAGTCGAACGGGATCCAGGCAGCTTGCTGTCTGGTGAGAGTGGCGAACGGGTGAGTAATGCGTGACCAACCTGCCCCATGCTTCGGAATAGCTCCTGGAAACGGGTGGTAATGCCGGATGCTCCGCATCATCGCATGATGGTGTGGGAAAGGGTTTACCGGCATGGGATGGGGTCGCGTCCTATCAGCTTGTTGGCGGGGTGATGGCCTGCCAAGGCTTCGACGGGTAGCCGGCCTGAGAGGGCGACCGGCCACATTGGGACTGAGATACGGCCCAGACTCCTACGGGAGGCAGCAGTGGGGAATATTGCACAATGGGCGCAAGCCTGATGCAGCGACGCCGCGTGCGGGATGACGGCCTTCGGGTTGTAAACCGCTTTTGATTGGGAGCAAGCGAGAGTGAGTGTACCTTTCGAATAAGCACCGGCTAACTACGTGCCAGCAGCCGCGGTAATACGTAGGGTGCAAGCGTTATCCGGATTTATTGGGCGTAAAGAGCTCGTAGGCGGTTCGTCGCGTCTGGTGTGAAAGTCCATCGCTTAACGGTGGATCGGCGCCGGGTACGGGCGGACTGGAGTGCGGTAGGGGAGACTGGAATTCCCGGTGTAACGGTGGAATGTGTAGATATCGGGAAGAACACCGATGGCGAAGGCAGGTCTCTGGGCCGTCACTGACGCTGAGGAGCGAAAGCGTGGGGAGCGAACAGGATTAGATACCCTGGTAGTCCACGCCGTAAACGGTGGATGCTGGATGTGGGGCCCGTTCCACGGGTTCCGTGTCGGAGCTAACGCGTTAAGCATCCCGCCTGGGGAGTACGGCCGCAAGGCTAAAACTCAAAGAAATTGACGGGGGCCCGCACAAGCGGCGGAGCATGCGGATTAATTCGATGCAACGCGAAGAACCTTACCTGGGCTTGACATGTGCCGGACGGCCGCGGAGACGTGGCTTCCCTTCGGGGCCGGTTCACAGGTGGTGCATGGTCGTCGTCAGCTCGTGTCGTGAGATGTTGGGTCAAGTCCCGCAACGAGCGCAACCCTCGCCTCGTGTTGCCAGCACGTTATGGTGGGAACTCACGGGGGACCGCCGGGGTTAACCCGGAGGAAGGTGGGGATGACGTCAGATCATCATGCCCCTTACGTCCAGGGCTTCACGCATGCTACAATGGCCGGTACAGCGGGATGCGACATGGTGACATGGAGCGGATCCCTGAAAACCGGTCTCAGTTCGGATCGGAGCCTGCAACCCGGCTCCGTGAAGGCGGAGTCGCTAGTAATCGCGGATCAGCAACGCCGCGGTGAATGCGTTCCCGGGCCTTGTACACACCGCCCGTCAAGTCATGAAAGTGGGCAGCACCCGAAGCCGGTGGCCCAACCCGCGAGGGGGGGAGCCGTCTAAGGTGAGGTCCGCGATTGGGACT
74,ESL0200,30,181,ATTGAACGCTGGCGGCAGGCTTAACACATGCAAGTCGAACGGTAACATGAGTGCTTGCACTTGATGACGAGTGGCGGACGGGTGAGTAAGGTATGGGGATCTGCCGAATGGAGGGGGACAACAGTTGGAAACGACTGCTAATACCGCATAAAGTTGAGAGACCAAAGCATGGGACCTTCGGGCCATGCGCCATTTGATGAACCCATATGGGATTAGCTAGTTGGTAGGGTAAAGGCTTACCAAGGCGACGATCTCTAGCTGGTCTGAGAGGATGACCAGCCACACTGGAACTGAGACACGGTCCAGACTCCTACGGGAGGCAGCAGTGGGGAATATTGCACAATGGGGGAAACCCTGATGCAGCCATGCCGCGTGTATGAAGAAGGCCTTCGGGTTGTAAAGTACTTTCGGTAATGAGGAAGGTGGTGTATCTAATAGGTGCATCAATTGACGTTAATTACAGAAGAAGCACCGGCTAACTCCGTGCCAGCAGCCGCGGTAATACGGAGGGTGCGAGCGTTAATCGGAATGACTGGGCGTAAAGGGCATGTAGGCGGATAATTAAGTTAGGTGTGAAAGCCCTGGGCTCAACCTAGGAATTGCACTTAAAACTGGTTAACTAGAGTATTGTAGAGGAAGGTAGAATTCCACGTGTAGCGGTGAAATGCGTAGAGATGTGGAGGAATACCGGTGGCGAAGGCGGCCTTCTGGACAGATACTGACGCTGAGATGCGAAAGCGTGGGGAGCAAACAGGATTAGATACCCTGGTAGTCCACGCTGTAAACGATGTCGATTTGGAGTTTGTTGCCTTGAGTGATGGGCTCCGAAGCTAACGCGATAAATCGACCGCCTGGGGAGTACGGCCGCAAGGTTAAAACTCAAATGAATTGACGGGGGCCCGCACAAGCGGTGGAGCATGTGGTTTAATTCGATGCAACGCGAAGAACCTTACCTGGTCTTGACATCCACAGAATCTTGCAGAGATGCGAGAGTGCCTTCGGGAACTGTGAGACAGGTGCTGCATGGCTGTCGTCAGCTCGTGTTGTGAAATGTTGGGTTAAGTCCCGCAACGAGCGCAACCCTTATCCTTTGTTGCCAGCGATTCGGTCGGGAACTCAAAGGAGACTGCCGTTGATAAAGCGGAGGAAGGTGGGGACGACGTCAAGTCATCATGGCCCTTACGACCAGGGCTACACACGTGCTACAATGGCGTATACAAAGGGAGGCGACCTCGCGAGAGCAAGCGGACCTCACAAAGTACGTCTAAGTCCGGATTGGAGTCTGCAACTCGACTCCATGAAGTCGGAATCGCTAGTAATCGTGAATCAGAATGTCACGGTGAATACGTTCCCGGGCCTTGTACACACCGCCCGTCACACCATGGGAGTGGGTTGCACCAGAAGTAGATAGCTTAACCGCAAGGGGGGCGTTTACCACGGTGTGGTCCATGACTGGGGTG
74,ESL0263,23,70798,ATTGAACGCTGGCGGCAGGCTTAACACATGCAAGTCGAACGGTAACATGAGTGCTTGCACTTGATGACGAGTGGCGGACGGGTGAGTAAGGTATGGGGATCTGCCGAATGGAGGGGGACAACAGTTGGAAACGACTGCTAATACCGCATAAAGTTGAGAGACCAAAGCATGGGACCTTCGGGCCATGCGCCATTTGATGAACCCATATGGGATTAGCTAGTTGGTAGGGTAAAGGCTTACCAAGGCGACGATCTCTAGCTGGTCTGAGAGGATGACCAGCCACACTGGAACTGAGACACGGTCCAGACTCCTACGGGAGGCAGCAGTGGGGAATATTGCACAATGGGGGAAACCCTGATGCAGCCATGCCGCGTGTATGAAGAAGGCCTTCGGGTTGTAAAGTACTTTCGGTAATGAGGAAGGTGGTGTATCTAATAGGTGCATCAATTGACGTTAATTACAGAAGAAGCACCGGCTAACTCCGTGCCAGCAGCCGCGGTAATACGGAGGGTGCGAGCGTTAATCGGAATGACTGGGCGTAAAGGGCATGTAGGCGGATAATTAAGTTAGGTGTGAAAGCCCTGGGCTCAACCTAGGAATTGCACTTAAAACTGGTTAACTAGAGTATTGTAGAGGAAGGTAGAATTCCACGTGTAGCGGTGAAATGCGTAGAGATGTGGAGGAATACCGGTGGCGAAGGCGGCCTTCTGGACAGATACTGACGCTGAGATGCGAAAGCGTGGGGAGCAAACAGGATTAGATACCCTGGTAGTCCACGCTGTAAACGATGTCGATTTGGAGTTTGTTGCCTTGAGTGATGGGCTCCGAAGCTAACGCGATAAATCGACCGCCTGGGGAGTACGGCCGCAAGGTTAAAACTCAAATGAATTGACGGGGGCCCGCACAAGCGGTGGAGCATGTGGTTTAATTCGATGCAACGCGAAGAACCTTACCTGGTCTTGACATCCACAGAATCTTGCAGAGATGCGAGAGTGCCTTCGGGAACTGTGAGACAGGTGCTGCATGGCTGTCGTCAGCTCGTGTTGTGAAATGTTGGGTTAAGTCCCGCAACGAGCGCAACCCTTATCCTTTGTTGCCAGCGATTCGGTCGGGAACTCAAAGGAGACTGCCGTTGATAAAGCGGAGGAAGGTGGGGACGACGTCAAGTCATCATGGCCCTTACGACCAGGGCTACACACGTGCTACAATGGCGTATACAAAGGGAGGCGACCTCGCGAGAGCAAGCGGACCTCACAAAGTACGTCTAAGTCCGGATTGGAGTCTGCAACTCGACTCCATGAAGTCGGAATCGCTAGTAATCGTGAATCAGAATGTCACGGTGAATACGTTCCCGGGCCTTGTACACACCGCCCGTCACACCATGGGAGTGGGTTGCACCAGAAGTAGATAGCTTAACCGCAAGGGGGGCGTTTACCACGGTGTGGTCCATGACTGGGGTG
75,ESL0183,973,5014,GACGAACGCTGGCGGCGTGCCTAATACATGCAAGTCGAGCGAGCAATTTTGACGGAATACTTCGGTAGGAAGTCAGAAGCGCGAGCGGCGGATGGGTGAGTAACACGTGGGCAACCTGCCCTTTAGCTTGGGATACCACTTGGAAACAGGTGCTAATACCAAATAAGCAGCACGAGCGCATGCTCAAGCTGAGAAAGGCGGCTTTCGAGCTGTCACTAAAGGATGGGCCCGCGGTGCATTAGCTAGTTGGTAAGGTAACGGCTTACCAAGGCGATGATGCATAGCCGAGTTGAGAGACTGACCGGCCACATTGGGACTGAGACACGGCCCAAACTCCTACGGGAGGCAGCAGTAGGGAATCTTCCACAATGGACGCAAGTCTGATGGAGCAACGCCGCGTGAGTGAAGAAGGTTTTCGGATCGTAAAGCTCTGTTGTTGGTGAAGAAGGACAAGGGTAGTAACTGATTCTTGTTTGACGGTAATCAACCAGAAAGTCACGGCTAACTACGTGCCAGCAGCCGCGGTAATACGTAGGTGGCAAGCGTTGTCCGGATTTATTGGGCGTAAAGCGAACGCAGGCGGGAGAATAAGTCAGCTGTGAAAGCCCCCAGCTTAACTGGGGAAGTGCAACTGAAACTATTTTTCTTGAGTGCAGAAGAGGAGAGTGGAACTCCATGTGTAGCGGTGGAATGCGTAGATATATGGAAGAACACCAGTGGCGAAGGCGGCTCTCTGGTCTGTAACTGACGCTGAGGTTCGAAAGCATGGGTAGCGAACAGGATTAGATACCCTGGTAGTCCATGCCGTAAACGATGAGTGCTAAGTGTTGGGAGGTTTCCGCCTCTCAGTGCTGCAGCTAACGCATTAAGCACTCCGCCTGGGGAGTACGACCGCAAGGTTAAAACTCAAAGGAATTGACGGGGGCCCGCACAAGCGGTGGAGCATGTGGTTTAATTCGAAGCAACGCGAAGAACCTTACCAGGTCTTGACATCTAGTGCCAGTCCTAGAGATAGGATGTTTCCTTCGGGAACACTAAGACAGGTGGTGCATGGCTGTCGTCAGCTCGTGTCGTGAGATGTTGGGTTAAGTCCCGCAACGAGCGCAACCCTTATTATTAGTTGCCAGCATTAAGTTGGGCACTCTAATGAGACTGCCGGTGACAAACCGGAGGAAGGTGGGGACGACGTCAAGTCATCATGCCCCTTATGACCTGGGCTACACACGTGCTACAATGGTTAGTACAACGAGCAGCGAACCTGCAAAGGCAAGCGAATCTCTGAAAGCTAATCTCAGTTCGGATTGCACTCTGCAACTCGAGTGCATGAAGCTGGAATCGCTAGTAATCGCGGATCAGCACGCCGCGGTGAATACGTTCCCGGGCCTTGTACACACCGCCCGTCACACCATGAGAGTCTGTAATGCCCAAAGCCGGTAGGATAACCTGCAAAGGAGTCAGCCGTCTAAGGCAGGACAGATGATTAGGGTG
75,ESL0200,16,181,GACGAACGCTGGCGGCGTGCCTAATACATGCAAGTCGAGCGAGCAATTTTGACGGAATACTTCGGTAGGAAGTCAGAAGCGCGAGCGGCGGATGGGTGAGTAACACGTGGGCAACCTGCCCTTTAGCTTGGGATACCACTTGGAAACAGGTGCTAATACCAAATAAGCAGCACGAGCGCATGCTCAAGCTGAGAAAGGCGGCTTTCGAGCTGTCACTAAAGGATGGGCCCGCGGTGCATTAGCTAGTTGGTAAGGTAACGGCTTACCAAGGCGATGATGCATAGCCGAGTTGAGAGACTGACCGGCCACATTGGGACTGAGACACGGCCCAAACTCCTACGGGAGGCAGCAGTAGGGAATCTTCCACAATGGACGCAAGTCTGATGGAGCAACGCCGCGTGAGTGAAGAAGGTTTTCGGATCGTAAAGCTCTGTTGTTGGTGAAGAAGGACAAGGGTAGTAACTGATTCTTGTTTGACGGTAATCAACCAGAAAGTCACGGCTAACTACGTGCCAGCAGCCGCGGTAATACGTAGGTGGCAAGCGTTGTCCGGATTTATTGGGCGTAAAGCGAACGCAGGCGGGAGAATAAGTCAGCTGTGAAAGCCCCCAGCTTAACTGGGGAAGTGCAACTGAAACTATTTTTCTTGAGTGCAGAAGAGGAGAGTGGAACTCCATGTGTAGCGGTGGAATGCGTAGATATATGGAAGAACACCAGTGGCGAAGGCGGCTCTCTGGTCTGTAACTGACGCTGAGGTTCGAAAGCATGGGTAGCGAACAGGATTAGATACCCTGGTAGTCCATGCCGTAAACGATGAGTGCTAAGTGTTGGGAGGTTTCCGCCTCTCAGTGCTGCAGCTAACGCATTAAGCACTCCGCCTGGGGAGTACGACCGCAAGGTTAAAACTCAAAGGAATTGACGGGGGCCCGCACAAGCGGTGGAGCATGTGGTTTAATTCGAAGCAACGCGAAGAACCTTACCAGGTCTTGACATCTAGTGCCAGTCCTAGAGATAGGATGTTTCCTTCGGGAACACTAAGACAGGTGGTGCATGGCTGTCGTCAGCTCGTGTCGTGAGATGTTGGGTTAAGTCCCGCAACGAGCGCAACCCTTATTATTAGTTGCCAGCATTAAGTTGGGCACTCTAATGAGACTGCCGGTGACAAACCGGAGGAAGGTGGGGACGACGTCAAGTCATCATGCCCCTTATGACCTGGGCTACACACGTGCTACAATGGTTAGTACAACGAGCAGCGAACCTGCAAAGGCAAGCGAATCTCTGAAAGCTAATCTCAGTTCGGATTGCACTCTGCAACTCGAGTGCATGAAGCTGGAATCGCTAGTAATCGCGGATCAGCACGCCGCGGTGAATACGTTCCCGGGCCTTGTACACACCGCCCGTCACACCATGAGAGTCTGTAATGCCCAAAGCCGGTAGGATAACCTGCAAAGGAGTCAGCCGTCTAAGGCAGGACAGATGATTAGGGTG
75,ESL0262,14009,46573,GACGAACGCTGGCGGCGTGCCTAATACATGCAAGTCGAGCGAGCAATTTTGACGGAATACTTCGGTAGGAAGTCAGAAGCGCGAGCGGCGGATGGGTGAGTAACACGTGGGCAACCTGCCCTTTAGCTTGGGATACCACTTGGAAACAGGTGCTAATACCAAATAAGCAGCACGAGCGCATGCTCAAGCTGAGAAAGGCGGCTTTCGAGCTGTCACTAAAGGATGGGCCCGCGGTGCATTAGCTAGTTGGTAAGGTAACGGCTTACCAAGGCGATGATGCATAGCCGAGTTGAGAGACTGACCGGCCACATTGGGACTGAGACACGGCCCAAACTCCTACGGGAGGCAGCAGTAGGGAATCTTCCACAATGGACGCAAGTCTGATGGAGCAACGCCGCGTGAGTGAAGAAGGTTTTCGGATCGTAAAGCTCTGTTGTTGGTGAAGAAGGACAAGGGTAGTAACTGATTCTTGTTTGACGGTAATCAACCAGAAAGTCACGGCTAACTACGTGCCAGCAGCCGCGGTAATACGTAGGTGGCAAGCGTTGTCCGGATTTATTGGGCGTAAAGCGAACGCAGGCGGGAGAATAAGTCAGCTGTGAAAGCCCCCAGCTTAACTGGGGAAGTGCAACTGAAACTATTTTTCTTGAGTGCAGAAGAGGAGAGTGGAACTCCATGTGTAGCGGTGGAATGCGTAGATATATGGAAGAACACCAGTGGCGAAGGCGGCTCTCTGGTCTGTAACTGACGCTGAGGTTCGAAAGCATGGGTAGCGAACAGGATTAGATACCCTGGTAGTCCATGCCGTAAACGATGAGTGCTAAGTGTTGGGAGGTTTCCGCCTCTCAGTGCTGCAGCTAACGCATTAAGCACTCCGCCTGGGGAGTACGACCGCAAGGTTAAAACTCAAAGGAATTGACGGGGGCCCGCACAAGCGGTGGAGCATGTGGTTTAATTCGAAGCAACGCGAAGAACCTTACCAGGTCTTGACATCTAGTGCCAGTCCTAGAGATAGGATGTTTCCTTCGGGAACACTAAGACAGGTGGTGCATGGCTGTCGTCAGCTCGTGTCGTGAGATGTTGGGTTAAGTCCCGCAACGAGCGCAACCCTTATTATTAGTTGCCAGCATTAAGTTGGGCACTCTAATGAGACTGCCGGTGACAAACCGGAGGAAGGTGGGGACGACGTCAAGTCATCATGCCCCTTATGACCTGGGCTACACACGTGCTACAATGGTTAGTACAACGAGCAGCGAACCTGCAAAGGCAAGCGAATCTCTGAAAGCTAATCTCAGTTCGGATTGCACTCTGCAACTCGAGTGCATGAAGCTGGAATCGCTAGTAATCGCGGATCAGCACGCCGCGGTGAATACGTTCCCGGGCCTTGTACACACCGCCCGTCACACCATGAGAGTCTGTAATGCCCAAAGCCGGTAGGATAACCTGCAAAGGAGTCAGCCGTCTAAGGCAGGACAGATGATTAGGGTG
76,ESL0183,1591,5014,GACGAACGCTGGCGGCGTGCCTAATACATGCAAGTCGAGCGAGCAATTTTGACGGAATACTTCGGTAGGAAGTCAGAAGCGCGAGCGGCGGATGGGTGAGTAACACGTGGGCAACCTGCCCTTTAGCTTGGGATACCACTTGGAAACAGGTGCTAATACCAAATAAGCAGCACGAGCGCATGCTCGAGCTGAGAAAGGCGGCTTTCGAGCTGTCACTAAAGGATGGGCCCGCGGTGCATTAGCTAGTTGGTAAGGTAACGGCTTACCAAGGCGATGATGCATAGCCGAGTTGAGAGACTGACCGGCCACATTGGGACTGAGACACGGCCCAAACTCCTACGGGAGGCAGCAGTAGGGAATCTTCCACAATGGACGCAAGTCTGATGGAGCAACGCCGCGTGAGTGAAGAAGGTTTTCGGATCGTAAAGCTCTGTTGTTGGTGAAGAAGGACAAGGGTAGTAACTGATTCTTGTTTGACGGTAATCAACCAGAAAGTCACGGCTAACTACGTGCCAGCAGCCGCGGTAATACGTAGGTGGCAAGCGTTGTCCGGATTTATTGGGCGTAAAGCGAACGCAGGCGGGAGAATAAGTCAGCTGTGAAAGCCCCCAGCTTAACTGGGGAAGAGCAACTGAAACTATTTTTCTTGAGTGCAGAAGAGGAGAGTGGAACTCCATGTGTAGCGGTGGAATGCGTAGATATATGGAAGAACACCAGTGGCGAAGGCGGCTCTCTGGTCTGTAACTGACGCTGAGGTTCGAAAGCATGGGTAGCGAACAGGATTAGATACCCTGGTAGTCCATGCCGTAAACGATGAGTGCTAAGTGTTGGGAGGTTTCCGCCTCTCAGTGCTGCAGCTAACGCATTAAGCACTCCGCCTGGGGAGTACGACCGCAAGGTTAAAACTCAAAGGAATTGACGGGGGCCCGCACAAGCGGTGGAGCATGTGGTTTAATTCGAAGCAACGCGAAGAACCTTACCAGGTCTTGACATCTAGTGCCAGTCCTAGAGATAGGATGTTTCCTTCGGGAACACTAAGACAGGTGGTGCATGGCTGTCGTCAGCTCGTGTCGTGAGATGTTGGGTTAAGTCCCGCAACGAGCGCAACCCTTATTATTAGTTGCCAGCATTAAGTTGGGCACTCTAATGAGACTGCCGGTGACAAACCGGAGGAAGGTGGGGACGACGTCAAGTCATCATGCCCCTTATGACCTGGGCTACACACGTGCTACAATGGTTAGTACAACGAGCAGCGAACCTGCAAAGGCAAGCGAATCTCTGAAAGCTAATCTCAGTTCGGATTGCACTCTGCAACTCGAGTGCATGAAGCTGGAATCGCTAGTAATCGCGGATCAGCACGCCGCGGTGAATACGTTCCCGGGCCTTGTACACACCGCCCGTCACACCATGAGAGTCTGTAATGCCCAAAGCCGGTAGGATAACCTGCAAAGGAGTCAGCCGTCTAAGGCAGGACAGATGATTAGGGTG
76,ESL0200,29,181,GACGAACGCTGGCGGCGTGCCTAATACATGCAAGTCGAGCGAGCAATTTTGACGGAATACTTCGGTAGGAAGTCAGAAGCGCGAGCGGCGGATGGGTGAGTAACACGTGGGCAACCTGCCCTTTAGCTTGGGATACCACTTGGAAACAGGTGCTAATACCAAATAAGCAGCACGAGCGCATGCTCGAGCTGAGAAAGGCGGCTTTCGAGCTGTCACTAAAGGATGGGCCCGCGGTGCATTAGCTAGTTGGTAAGGTAACGGCTTACCAAGGCGATGATGCATAGCCGAGTTGAGAGACTGACCGGCCACATTGGGACTGAGACACGGCCCAAACTCCTACGGGAGGCAGCAGTAGGGAATCTTCCACAATGGACGCAAGTCTGATGGAGCAACGCCGCGTGAGTGAAGAAGGTTTTCGGATCGTAAAGCTCTGTTGTTGGTGAAGAAGGACAAGGGTAGTAACTGATTCTTGTTTGACGGTAATCAACCAGAAAGTCACGGCTAACTACGTGCCAGCAGCCGCGGTAATACGTAGGTGGCAAGCGTTGTCCGGATTTATTGGGCGTAAAGCGAACGCAGGCGGGAGAATAAGTCAGCTGTGAAAGCCCCCAGCTTAACTGGGGAAGAGCAACTGAAACTATTTTTCTTGAGTGCAGAAGAGGAGAGTGGAACTCCATGTGTAGCGGTGGAATGCGTAGATATATGGAAGAACACCAGTGGCGAAGGCGGCTCTCTGGTCTGTAACTGACGCTGAGGTTCGAAAGCATGGGTAGCGAACAGGATTAGATACCCTGGTAGTCCATGCCGTAAACGATGAGTGCTAAGTGTTGGGAGGTTTCCGCCTCTCAGTGCTGCAGCTAACGCATTAAGCACTCCGCCTGGGGAGTACGACCGCAAGGTTAAAACTCAAAGGAATTGACGGGGGCCCGCACAAGCGGTGGAGCATGTGGTTTAATTCGAAGCAACGCGAAGAACCTTACCAGGTCTTGACATCTAGTGCCAGTCCTAGAGATAGGATGTTTCCTTCGGGAACACTAAGACAGGTGGTGCATGGCTGTCGTCAGCTCGTGTCGTGAGATGTTGGGTTAAGTCCCGCAACGAGCGCAACCCTTATTATTAGTTGCCAGCATTAAGTTGGGCACTCTAATGAGACTGCCGGTGACAAACCGGAGGAAGGTGGGGACGACGTCAAGTCATCATGCCCCTTATGACCTGGGCTACACACGTGCTACAATGGTTAGTACAACGAGCAGCGAACCTGCAAAGGCAAGCGAATCTCTGAAAGCTAATCTCAGTTCGGATTGCACTCTGCAACTCGAGTGCATGAAGCTGGAATCGCTAGTAATCGCGGATCAGCACGCCGCGGTGAATACGTTCCCGGGCCTTGTACACACCGCCCGTCACACCATGAGAGTCTGTAATGCCCAAAGCCGGTAGGATAACCTGCAAAGGAGTCAGCCGTCTAAGGCAGGACAGATGATTAGGGTG
76,ESL0262,11767,46573,GACGAACGCTGGCGGCGTGCCTAATACATGCAAGTCGAGCGAGCAATTTTGACGGAATACTTCGGTAGGAAGTCAGAAGCGCGAGCGGCGGATGGGTGAGTAACACGTGGGCAACCTGCCCTTTAGCTTGGGATACCACTTGGAAACAGGTGCTAATACCAAATAAGCAGCACGAGCGCATGCTCGAGCTGAGAAAGGCGGCTTTCGAGCTGTCACTAAAGGATGGGCCCGCGGTGCATTAGCTAGTTGGTAAGGTAACGGCTTACCAAGGCGATGATGCATAGCCGAGTTGAGAGACTGACCGGCCACATTGGGACTGAGACACGGCCCAAACTCCTACGGGAGGCAGCAGTAGGGAATCTTCCACAATGGACGCAAGTCTGATGGAGCAACGCCGCGTGAGTGAAGAAGGTTTTCGGATCGTAAAGCTCTGTTGTTGGTGAAGAAGGACAAGGGTAGTAACTGATTCTTGTTTGACGGTAATCAACCAGAAAGTCACGGCTAACTACGTGCCAGCAGCCGCGGTAATACGTAGGTGGCAAGCGTTGTCCGGATTTATTGGGCGTAAAGCGAACGCAGGCGGGAGAATAAGTCAGCTGTGAAAGCCCCCAGCTTAACTGGGGAAGAGCAACTGAAACTATTTTTCTTGAGTGCAGAAGAGGAGAGTGGAACTCCATGTGTAGCGGTGGAATGCGTAGATATATGGAAGAACACCAGTGGCGAAGGCGGCTCTCTGGTCTGTAACTGACGCTGAGGTTCGAAAGCATGGGTAGCGAACAGGATTAGATACCCTGGTAGTCCATGCCGTAAACGATGAGTGCTAAGTGTTGGGAGGTTTCCGCCTCTCAGTGCTGCAGCTAACGCATTAAGCACTCCGCCTGGGGAGTACGACCGCAAGGTTAAAACTCAAAGGAATTGACGGGGGCCCGCACAAGCGGTGGAGCATGTGGTTTAATTCGAAGCAACGCGAAGAACCTTACCAGGTCTTGACATCTAGTGCCAGTCCTAGAGATAGGATGTTTCCTTCGGGAACACTAAGACAGGTGGTGCATGGCTGTCGTCAGCTCGTGTCGTGAGATGTTGGGTTAAGTCCCGCAACGAGCGCAACCCTTATTATTAGTTGCCAGCATTAAGTTGGGCACTCTAATGAGACTGCCGGTGACAAACCGGAGGAAGGTGGGGACGACGTCAAGTCATCATGCCCCTTATGACCTGGGCTACACACGTGCTACAATGGTTAGTACAACGAGCAGCGAACCTGCAAAGGCAAGCGAATCTCTGAAAGCTAATCTCAGTTCGGATTGCACTCTGCAACTCGAGTGCATGAAGCTGGAATCGCTAGTAATCGCGGATCAGCACGCCGCGGTGAATACGTTCCCGGGCCTTGTACACACCGCCCGTCACACCATGAGAGTCTGTAATGCCCAAAGCCGGTAGGATAACCTGCAAAGGAGTCAGCCGTCTAAGGCAGGACAGATGATTAGGGTG
77,ESL0200,89,181,GATGAACGCTGGCGGCGTGCTTAACACATGCAAGTCGAACGGGATCCGCCAAGCTTGCTTGGCGGTGAGAGTGGCGAACGGGTGAGTAATGCGTGACCAACCTGCCCCATGCTTCGGAATAGCTCCTGGAAACGGGTGGTAATGCCGGATGCTCCGCGCTGTCGCATGATGGCGTGGGAAAGGGTTTACCGGCATGGGATGGGGTCGCGTCCTATCAGCTTGTTGGCGGGGTGATGGCCTGCCAAGGCTTCGACGGGTAGCCGGCCTGAGAGGGCGACCGGCCACATTGGGACTGAGATACGGCCCAGACTCCTACGGGAGGCAGCAGTGGGGAATATTGCACAATGGGCGAAAGCCTGATGCAGCGACGCCGCGTGCGGGATGACGGCCTTCGGGTTGTAAACCGCTTTTGATTGGGAGCAAGCGAGAGTGAGTGTACCTTTCGAATAAGCACCGGCTAACTACGTGCCAGCAGCCGCGGTAATACGTAGGGTGCAAGCGTTATCCGGATTTATTGGGCGTAAAGAGCTCGTAGGCGGTTCGTCGCGTCTGGTGTGAAAGTCCATCGCTTAACGGTGGATCGGCGCCGGGTACGGGCGGACTGGAGTGCGGTAGGGGAGACTGGAATTCCCGGTGTAACGGTGGAATGTGTAGATATCGGGAAGAACACCGATGGCGAAGGCAGGTCTCTGGGCCGTCACTGACGCTGAGGAGCGAAAGCGTGGGGAGCGAACAGGATTAGATACCCTGGTAGTCCACGCCGTAAACGGTGGATGCTGGATGTGGGGCCCGTTCCACGGGTTCCGTGTCGGAGCTAACGCGTTAAGCATCCCGCCTGGGGAGTACGGCCGCAAGGCTAAAACTCAAAGAAATTGACGGGGGCCCGCACAAGCGGCGGAGCATGCGGATTAATTCGATGCAACGCGAAGAACCTTACCTGGGCTTGACATGTGCCGGACGGCTGCGGAGACGCGGCTTCCCTTCGGGGCCGGTTCACAGGTGGTGCATGGTCGTCGTCAGCTCGTGTCGTGAGATGTTGGGTCAAGTCCCGCAACGAGCGCAACCCTCGCCTCGTGTTGCCAGCGGGTCATGCCGGGAACTCACGGGGGACCGCCGGGGTTAACCCGGAGGAAGGTGGGGATGACGTCAGATCATCATGCCCCTTACGTCCAGGGCTTCACGCATGCTACAATGGCCGGTACAGCGGGATGCGACATGGTGACATGGAGCGGATCCCTGAAAACCGGTCTCAGTTCGGATCGGAGCCTGCAACCCGGCTCCGTGAAGGCGGAGTCGCTAGTAATCGCGGATCAGCAACGCCGCGGTGAATGCGTTCCCGGGCCTTGTACACACCGCCCGTCAAGTCATGAAAGTGGGCAGCACCCGAAGCCGGTGGCCCAACCCGTTTGGGGGGGAGCCGTCTAAGGTGAGGTCCGCGATTGGGACT
78,ESL0819,5749,5758,GATGAACGCTGGCGGCGTGCTTAACACATGCAAGTCGAACGGGATCCGCCAAGCTTGCTTGGCGGTGAGAGTGGCGAACGGGTGAGTAATACGTGACCAACCTGCCCCATGCTTCGGAATAGCTCCTGGAAACGGGTGGTAATGCCGGATGCTCCGCGCTGTCGCATGATGGCGTGGGAAAGGGTTTACCGGCATGGGATGGGGTCGCGTCCTATCAGCTTGTTGGCGGGGTGATGGCCTGCCAAGGCTTCGACGGGTAGCCGGCCTGAGAGGGCGACCGGCCACATTGGGACTGAGATACGGCCCAGACTCCTACGGGAGGCAGCAGTGGGGAATATTGCACAATGGGCGAAAGCCTGATGCAGCGACGCCGCGTGCGGGATGACGGCCTTCGGGTTGTAAACCGCTTTTGATTGGGAGCAAGCGAGAGTGAGTGTACCTTTCGAATAAGCACCGGCTAACTACGTGCCAGCAGCCGCGGTAATACGTAGGGTGCAAGCGTTATCCGGATTTATTGGGCGTAAAGAGCTCGTAGGCGGTTCGTCGCGTCTGGTGTGAAAGTCCATCGCTTAACGGTGGATCGGCGCCGGGTACGGGCGGACTGGAGTGCGGTAGGGGAGACTGGAATTCCCGGTGTAACGGTGGAATGTGTAGATATCGGGAAGAACACCGATGGCGAAGGCAGGTCTCTGGGCCGTCACTGACGCTGAGGAGCGAAAGCGTGGGGAGCGAACAGGATTAGATACCCTGGTAGTCCACGCCGTAAACGGTGGATGCTGGATGTGGGGCCCGTTCCACGGGTTCCGTGTCGGAGCTAACGCGTTAAGCATCCCGCCTGGGGAGTACGGCCGCAAGGCTAAAACTCAAAGAAATTGACGGGGGCCCGCACAAGCGGCGGAGCATGCGGATTAATTCGATGCAACGCGAAGAACCTTACCTGGGCTTGACATGTGCCGGACGGCTGCGGAGACGCGGCTTCCCTTCGGGGCCGGTTCACAGGTGGTGCATGGTCGTCGTCAGCTCGTGTCGTGAGATGTTGGGTCAAGTCCCGCAACGAGCGCAACCCTCGCCTCGTGTTGCCAGCGGGTCATGCCGGGAACTCACGGGGGACCGCCGGGGTTAACCCGGAGGAAGGTGGGGATGACGTCAGATCATCATGCCCCTTACGTCCAGGGCTTCACGCATGCTACAATGGCCGGTACAGCGGGATGCGACATGGTGACATGGAGCGGATCCCTGAAAACCGGTCTCAGTTCGGATCGGAGCCTGCAACCCGGCTCCGTGAAGGCGGAGTCGCTAGTAATCGCGGATCAGCAACGCCGCGGTGAATGCGTTCCCGGGCCTTGTACACACCGCCCGTCAAGTCATGAAAGTGGGCAGCACCCGAAGCCGGTGGCCCAACCCGTTTGGGGGGGAGCCGTCTAAGGTGAGGTCCGCGATTGGGACT
79,ESL0294,28,55894,ATTGAACGCTGGCGGCAGGCTTAACACATGCAAGTCGAACGGTAACATGAGTGCTTGCACTTGATGACGAGTGGCGGACGGGTGAGTAAAGTATGGGGATCTGCCGAATGGAGGGGGACAACAGTTGGAAACGACTGCTAATACCGCATAATGTTGAGAAACCAAAGCATGGGACTTTCGGGCCATGCGCCATTTGATGAACCCATATGGGATTAGCTAGTTGGTAGGGTAAAGGCTTACCAAGGCGACGATCTCTAGCTGGTCTGAGAGGATGACCAGCCACACTGGAACTGAGACACGGTCCAGACTCCTACGGGAGGCAGCAGTGGGGAATATTGCACAATGGGGGGAACCCTGATGCAGCCATGCCGCGTGTATGAAGAAGGCCTTCGGGTTGTAAAGTACTTTCGGTAATGAGGAAGGTGATGTATCTAATAGGTGCATCAATTGACGTTAATTACAGAAGAAGCACCGGCTAACTCCGTGCCAGCAGCCGCGGTAATACGGAGGGTGCGAGCGTTAATCGGAATGACTGGGCGTAAAGGGCATGTAGGCGGATAATTAAGTTAGGTGTGAAAGCCCTGGGCTCAACCTAGGAATTGCACTTAAAACTGGTTAACTAGAGTATTGTAGAGGAAGGTAGAATTCCACGTGTAGCGGTGAAATGCGTAGAGATGTGGAGGAATACCGGTGGCGAAGGCGGCCTTCTGGACAGATACTGACGCTGAGATGCGAAAGCGTGGGGAGCAAACAGGATTAGATACCCTGGTAGTCCACGCTGTAAACGATGTCGATTTGGAGTTTGTTGCCCTGAGTGATGGGCTCCGAAGCTAACGCGATAAATCGACCGCCTGGGGAGTACGGCCGCAAGGTTAAAACTCAAATGAATTGACGGGGGCCCGCACAAGCGGTGGAGCATGTGGTTTAATTCGATGCAACGCGAAGAACCTTACCTGGTCTTGACATCCACAGAATTTTGCAGAGATGCGAGAGTGCCTTCGGGAACTGTGAGACAGGTGCTGCATGGCTGTCGTCAGCTCGTGTTGTGAAATGTTGGGTTAAGTCCCGCAACGAGCGCAACCCTTATCCTTTGTTGCCAGCGATTAGGTCGGGAACTCAAAGGAGACTGCCGTTGATAAAGCGGAGGAAGGTGGGGACGACGTCAAGTCATCATGGCCCTTACGACCAGGGCTACACACGTGCTACAATGGCGTATACAAAGGGAGGCGACCTCGCGAGAGCAAGCGGACCTCATAAAGTACGTCTAAGTCCGGATTGGAGTCTGCAACTCGACTCCATGAAGTCGGAATCGCTAGTAATCGTGAATCAGAATGTCACGGTGAATACGTTCCCGGGCCTTGTACACACCGCCCGTCACACCATGGGAGTGGGTTGCACCAGAAGTAGATAGCTTAACCGCAAGGAGGGCGTTTACCACGGTGTGGTCCATGACTGGGGTG
80,ESL0263,58513,70798,GACGAACGCTGGCGGCGTGCCTAATACATGCAAGTCGAGCGAGCAAAGTTAAAGGAATACTTCGGTAGGAATTTAATAGCGCGAGCGGCGGATGGGTGAGTAACACGTGGGCAATCTACCCTTTAGCTTGGGATACCACTTGGAAACAGGTGCTAATACCAAATAAGAAGTAAGAGCGCATGCTCAAGCTATGAAAGGCGGCTTTCGAGCTGTCACTAAAGGATGAGCCCGCGGTGCATTAGCTAGTTGGTAAGGTAACGGCTTACCAAGGCAATGATGCATAGCCGAGTTGAGAGACTGATCGGCCACATTGGGACTGAGACACGGCCCAAACTCCTACGGGAGGCAGCAGTAGGGAATCTTCCACAATGGACGCAAGTCTGATGGAGCAACGCCGCGTGAGTGAAGAAGGTTTTCGGATCGTAAAGCTCTGTTGTTGGTGAAGAAGGACATAGATAGTAACTGATCTATGTTTGACGGTAATCAACCAGAAAGTCACGGCTAACTACGTGCCAGCAGCCGCGGTAATACGTAGGTGGCAAGCGTTGTCCGGATTTATTGGGCGTAAAGCGAACGCAGGCGGGAGAACAAGTCAGCTGTGAAAGCCCTCGGCTTAACCGAGGAACGGCAACTGAAACTGTTTTTCTTGAGTGCAGAAGAGGAGAGTGGAACTCCATGTGTAGCGGTGAAATGCGTAGATATATGGAAGAACACCAGTGGCGAAGGCGGCTCTCTGGTCTGTAACTGACGCTGAGGTTCGAAAGCATGGGTAGCGAACAGGATTAGATACCCTGGTAGTCCATGCCGTAAACGATGAGTGCTAAGTGTTGGGAGGTTTCCGCCTCTCAGTGCTGCAGCTAACGCATTAAGCACTCCGCCTGGGGAGTACGACCGCAAGGTTAAAACTCAAAGGAATTGACGGGGGCCCGCACAAGCGGTGGAGCATGTGGTTTAATTCGAAGCAACGCGAAGAACCTTACCAGGTCTTGACATCTAGTGCAAACCCTAGAGATAGGGTGTTTCCTTCGGGAACACTAAGACAGGTGGTGCATGGCTGTCGTCAGCTCGTGTCGTGAGATGTTGGGTTAAGTCCCGCAACGAGCGCAACCCTTATTATTAGTTGCCAGCATTAAGTTGGGCACTCTAATGAGACTGCCGGTGACAAACCGGAGGAAGGTGGGGACGACGTCAAGTCATCATGCCCCTTATGACCTGGGCTACACACGTGCTACAATGGTTAGTACAACGAGGAGCGAACCTGTGAAGGCAAGCGAATCTCTTAAAGCTAATCTCAGTTCGGATTGCACTCTGCAACTCGAGTGCATGAAGCTGGAATCGCTAGTAATCGCGGATCAGCATGCCGCGGTGAATACGTTCCCGGGCCTTGTACACACCGCCCGTCACACCATGAGAGTTTGTAATACCCAAAGCCGGTGAGATAACCTGTAAAGGAGTCAGCCGTCTAAGGTAGGACAGATGATTAGGGTG
80,ESL0294,17,55894,GACGAACGCTGGCGGCGTGCCTAATACATGCAAGTCGAGCGAGCAAAGTTAAAGGAATACTTCGGTAGGAATTTAATAGCGCGAGCGGCGGATGGGTGAGTAACACGTGGGCAATCTACCCTTTAGCTTGGGATACCACTTGGAAACAGGTGCTAATACCAAATAAGAAGTAAGAGCGCATGCTCAAGCTATGAAAGGCGGCTTTCGAGCTGTCACTAAAGGATGAGCCCGCGGTGCATTAGCTAGTTGGTAAGGTAACGGCTTACCAAGGCAATGATGCATAGCCGAGTTGAGAGACTGATCGGCCACATTGGGACTGAGACACGGCCCAAACTCCTACGGGAGGCAGCAGTAGGGAATCTTCCACAATGGACGCAAGTCTGATGGAGCAACGCCGCGTGAGTGAAGAAGGTTTTCGGATCGTAAAGCTCTGTTGTTGGTGAAGAAGGACATAGATAGTAACTGATCTATGTTTGACGGTAATCAACCAGAAAGTCACGGCTAACTACGTGCCAGCAGCCGCGGTAATACGTAGGTGGCAAGCGTTGTCCGGATTTATTGGGCGTAAAGCGAACGCAGGCGGGAGAACAAGTCAGCTGTGAAAGCCCTCGGCTTAACCGAGGAACGGCAACTGAAACTGTTTTTCTTGAGTGCAGAAGAGGAGAGTGGAACTCCATGTGTAGCGGTGAAATGCGTAGATATATGGAAGAACACCAGTGGCGAAGGCGGCTCTCTGGTCTGTAACTGACGCTGAGGTTCGAAAGCATGGGTAGCGAACAGGATTAGATACCCTGGTAGTCCATGCCGTAAACGATGAGTGCTAAGTGTTGGGAGGTTTCCGCCTCTCAGTGCTGCAGCTAACGCATTAAGCACTCCGCCTGGGGAGTACGACCGCAAGGTTAAAACTCAAAGGAATTGACGGGGGCCCGCACAAGCGGTGGAGCATGTGGTTTAATTCGAAGCAACGCGAAGAACCTTACCAGGTCTTGACATCTAGTGCAAACCCTAGAGATAGGGTGTTTCCTTCGGGAACACTAAGACAGGTGGTGCATGGCTGTCGTCAGCTCGTGTCGTGAGATGTTGGGTTAAGTCCCGCAACGAGCGCAACCCTTATTATTAGTTGCCAGCATTAAGTTGGGCACTCTAATGAGACTGCCGGTGACAAACCGGAGGAAGGTGGGGACGACGTCAAGTCATCATGCCCCTTATGACCTGGGCTACACACGTGCTACAATGGTTAGTACAACGAGGAGCGAACCTGTGAAGGCAAGCGAATCTCTTAAAGCTAATCTCAGTTCGGATTGCACTCTGCAACTCGAGTGCATGAAGCTGGAATCGCTAGTAATCGCGGATCAGCATGCCGCGGTGAATACGTTCCCGGGCCTTGTACACACCGCCCGTCACACCATGAGAGTTTGTAATACCCAAAGCCGGTGAGATAACCTGTAAAGGAGTCAGCCGTCTAAGGTAGGACAGATGATTAGGGTG
81,ESL0294,12,55894,GACGAACGCTGGCGGCGTGCCTAATACATGCAAGTCGAGCGCGGGAAGTCAGGGAAGCCTTCGGGTGGAACTGGTGGAACGAGCGGCGGATGGGTGAGTAACACGTAGGTAACCTGCCCTAAAGCGGGGGATACCATCTGGAAACAGGTGCTAATACCGCATAATCCCAGCAGTCACATGAGTGTTGGTTGAAAGACGGCTTCGGCTGTCACTTTAGGATGGACCTGCGGCGTATTAGCTAGTTGGTGGAGTAACGGTTCACCAAGGCAATGATACGTAGCCGACCTGAGAGGGTAATCGGCCACATTGGGACTGAGACACGGCCCAAACTCCTACGGGAGGCAGCAGTAGGGAATCTTCCACAATGGACGCAAGTCTGATGGAGCAACGCCGCGTGGATGAAGAAGGTCTTCGGATCGTAAAATCCTGTTGTTGAAGAAGAACGGTTGTGAGAGTAACTGCTCATAACGTGACGGTAATCAACCAGAAAGTCACGGCTAACTACGTGCCAGCAGCCGCGGTAATACGTAGGTGGCAAGCGTTGTCCGGATTTATTGGGCGTAAAGGGAGCGCAGGCGGTCTTTTAAGTCTGAATGTGAAAGCCCTCAGCTTAACTGAGGAAGCGCATCGGAAACTGAAAGACTTGAGTGCAGAAGAGGAGAGTGGAACTCCATGTGTAGCGGTGAAATGCGTAGATATATGGAAGAACACCAGTGGCGAAGGCGGCTCTCTGGTCTGTTACTGACGCTGAGGCTCGAAAGCATGGGTAGCGAACAGGATTAGATACCCTGGTAGTCCATGCCGTAAACGATGAGTGCTAAGTGTTGGGAGGTTTCCGCCTCTCAGTGCTGCAGCTAACGCATTAAGCACTCCGCCTGGGGAGTACGACCGCAAGGTTGAAACTCAAAGGAATTGACGGGGGCCCGCACAAGCGGTGGAGCATGTGGTTTAATTCGAAGCAACGCGAAGAACCTTACCAGGTCTTGACATCTCCTGCAAGCCTAAGAGATTAGGGGTTCCCTTCGGGGACAGGAAGACAGGTGGTGCATGGTTGTCGTCAGCTCGTGTCGTGAGATGTTGGGTTAAGTCCCGCAACGAGCGCAACCCTTGTTACTAGTTGCCAGCATTAAGTTGGGCACTCTAGTGAGACTGCCGGTGACAAACCGGAGGAAGGTGGGGACGACGTCAAATCATCATGCCCCTTATGACCTGGGCTACACACGTGCTACAATGGATGGTACAATGAGAAGCGAACTCGCGAGGGGAAGCTGATCTCTGAAAACCATTCTCAGTTCGGATTGCAGGCTGCAACTCGCCTGCATGAAGCTGGAATCGCTAGTAATCGCGGATCAGCATGCCGCGGTGAATACGTTCCCGGGCCTTGTACACACCGCCCGTCACACCATGAGAGTTTGTAACACCCAAAGCCGGTGGGGTAACCTTTCGGGGAGCTAGCCGTCTAAGGTGGGACAAATGATTAGGGTG
81,ESL0295,52950,52957,GACGAACGCTGGCGGCGTGCCTAATACATGCAAGTCGAGCGCGGGAAGTCAGGGAAGCCTTCGGGTGGAACTGGTGGAACGAGCGGCGGATGGGTGAGTAACACGTAGGTAACCTGCCCTAAAGCGGGGGATACCATCTGGAAACAGGTGCTAATACCGCATAATCCCAGCAGTCACATGAGTGTTGGTTGAAAGACGGCTTCGGCTGTCACTTTAGGATGGACCTGCGGCGTATTAGCTAGTTGGTGGAGTAACGGTTCACCAAGGCAATGATACGTAGCCGACCTGAGAGGGTAATCGGCCACATTGGGACTGAGACACGGCCCAAACTCCTACGGGAGGCAGCAGTAGGGAATCTTCCACAATGGACGCAAGTCTGATGGAGCAACGCCGCGTGGATGAAGAAGGTCTTCGGATCGTAAAATCCTGTTGTTGAAGAAGAACGGTTGTGAGAGTAACTGCTCATAACGTGACGGTAATCAACCAGAAAGTCACGGCTAACTACGTGCCAGCAGCCGCGGTAATACGTAGGTGGCAAGCGTTGTCCGGATTTATTGGGCGTAAAGGGAGCGCAGGCGGTCTTTTAAGTCTGAATGTGAAAGCCCTCAGCTTAACTGAGGAAGCGCATCGGAAACTGAAAGACTTGAGTGCAGAAGAGGAGAGTGGAACTCCATGTGTAGCGGTGAAATGCGTAGATATATGGAAGAACACCAGTGGCGAAGGCGGCTCTCTGGTCTGTTACTGACGCTGAGGCTCGAAAGCATGGGTAGCGAACAGGATTAGATACCCTGGTAGTCCATGCCGTAAACGATGAGTGCTAAGTGTTGGGAGGTTTCCGCCTCTCAGTGCTGCAGCTAACGCATTAAGCACTCCGCCTGGGGAGTACGACCGCAAGGTTGAAACTCAAAGGAATTGACGGGGGCCCGCACAAGCGGTGGAGCATGTGGTTTAATTCGAAGCAACGCGAAGAACCTTACCAGGTCTTGACATCTCCTGCAAGCCTAAGAGATTAGGGGTTCCCTTCGGGGACAGGAAGACAGGTGGTGCATGGTTGTCGTCAGCTCGTGTCGTGAGATGTTGGGTTAAGTCCCGCAACGAGCGCAACCCTTGTTACTAGTTGCCAGCATTAAGTTGGGCACTCTAGTGAGACTGCCGGTGACAAACCGGAGGAAGGTGGGGACGACGTCAAATCATCATGCCCCTTATGACCTGGGCTACACACGTGCTACAATGGATGGTACAATGAGAAGCGAACTCGCGAGGGGAAGCTGATCTCTGAAAACCATTCTCAGTTCGGATTGCAGGCTGCAACTCGCCTGCATGAAGCTGGAATCGCTAGTAATCGCGGATCAGCATGCCGCGGTGAATACGTTCCCGGGCCTTGTACACACCGCCCGTCACACCATGAGAGTTTGTAACACCCAAAGCCGGTGGGGTAACCTTTCGGGGAGCTAGCCGTCTAAGGTGGGACAAATGATTAGGGTG
82,ESL0294,31,55894,ATTGAACGCTGGCGGCAGGCTTAACACATGCAAGTCGAACGGTAACATGAGTGCTTGCACTTGATGACGAGTGGCGGACGGGTGAGTAAGGTATGGGGATCTGCCGAATGGAGGGGGACAACAGTTGGAAACGACTGCTAATACCGCATAATGTTGAGAAACCAAAGCATGGGACCTTCGGGCCATGCGCCATTTGATGAACCCATATGGGATTAGCTAGTTGGTAGGGTAAAGGCTTACCAAGGCGACGATCTCTAGCTGGTCTGAGAGGATGACCAGCCACACTGGAACTGAGACACGGTCCAGACTCCTACGGGAGGCAGCAGTGGGGAATATTGCACAATGGGGGAAACCCTGATGCAGCCATGCCGCGTGTATGAAGAAGGCCTTCGGGTTGTAAAGTACTTTCGGTAATGAGGAAGGTGGTGTATCTAATAGGTGCATCAATTGACGTTAATTACAGAAGAAGCACCGGCTAACTCCGTGCCAGCAGCCGCGGTAATACGGAGGGTGCGAGCGTTAATCGGAATGACTGGGCGTAAAGGGCATGTAGGCGGATAATTAAGTTAGGTGTGAAAGCCCTGGGCTCAACCTAGGAATTGCACTTAAAACTGGTTAACTAGAGTATTGTAGAGGAAGGTAGAATTCCACGTGTAGCGGTGAAATGCGTAGAGATGTGGAGGAATACCGGTGGCGAAGGCGGCCTTCTGGACAGATACTGACGCTGAGATGCGAAAGCGTGGGGAGCAAACAGGATTAGATACCCTGGTAGTCCACGCTGTAAACGATGTCGATTTGGAGTTTGTTGCCTTGAGTGATGGGCTCCGAAGCTAACGCGATAAATCGACCGCCTGGGGAGTACGGCCGCAAGGTTAAAACTCAAATGAATTGACGGGGGCCCGCACAAGCGGTGGAGCATGTGGTTTAATTCGATGCAACGCGAAGAACCTTACCTGGTCTTGACATCCACAGAATCTTGCAGAGATGCGAGAGTGCCTTCGGGAACTGTGAGACAGGTGCTGCATGGCTGTCGTCAGCTCGTGTTGTGAAATGTTGGGTTAAGTCCCGCAACGAGCGCAACCCTTATCCTTTGTTGCCAGCGATTCGGTCGGGAACTCAAAGGAGACTGCCGTTGATAAAGCGGAGGAAGGTGGGGACGACGTCAAGTCATCATGGCCCTTACGACCAGGGCTACACACGTGCTACAATGGCGTATACAAAGGGAGGCGACCTCGCGAGAGCAAGCGGACCTCACAAAGTACGTCTAAGTCCGGATTGGAGTCTGCAACTCGACTCCATGAAGTCGGAATCGCTAGTAATCGTGAATCAGAATGTCACGGTGAATACGTTCCCGGGCCTTGTACACACCGCCCGTCACACCATGGGAGTGGGTTGCACCAGAAGTAGATAGCTTAACCGCAAGGGGGGCGTTTACCACGGTGTGGTCCATGACTGGGGTG
83,ESL0294,53,55894,ATTGAACGCTGGCGGCAGGCTTAACACATGCAAGTCGAACGGTAACATGAGTGCTTGCACTTGATGACGAGTGGCGGACGGGTGAGTAAGGTATGGGGATCTGCCGAATGGAGGGGGACAACAGTTGGAAACGACTGCTAATACCGCATAATGTTGAGAAACCAAAGCATGGGACCTTCGGGCCATGCGCCATTTGATGAACCCATATGGGATTAGCTAGTTGGTAGGGTAAAGGCTTACCAAGGCGACGATCTCTAGCTGGTCTGAGAGGATGACCAGCCACACTGGAACTGAGACACGGTCCAGACTCCTACGGGAGGCAGCAGTGGGGAATATTGCACAATGGGGGAAACCCTGATGCAGCCATGCCGCGTGTATGAAGAAGGCCTTCGGGTTGTAAAGTACTTTCGGTAATGAGGAAGGTGGTGTATCTAATAGGTGCATCAATTGACGTTAATTACAGAAGAAGCACCGGCTAACTCCGTGCCAGCAGCCGCGGTAATACGGAGGGTGCGAGCGTTAATCGGAATGACTGGGCGTAAAGGGCATGTAGGCGGATAATTAAGTTAGGTGTGAAAGCCCTGGGCTCAACCTAGGAATTGCACTTAAAACTGGTTAACTAGAGTATTGTAGAGGAAGGTAGAATTCCACGTGTAGCGGTGAAATGCGTAGAGATGTGGAGGAATACCGGTGGCGAAGGCGGCCTTCTGGACAGATACTGACGCTGAGATGCGAAAGCGTGGGGAGCAAACAGGATTAGATACCCTGGTAGTCCACGCTGTAAACGATGTCGATTTGGAGTTTGTTGCCTTGAGTGATGGGCTCCGAAGCTAACGCGATAAATCGACCGCCTGGGGAGTACGGCCGCAAGGTTAAAACTCAAATGAATTGACGGGGGCCCGCACAAGCGGTGGAGCATGTGGTTTAATTCGATGCAACGCGAAGAACCTTACCTGGTCTTGACATCCACAGAATCTTGCAGAGATGCGAGAGTGCCTTCGGGAACTGTGAGACAGGTGCTGCATGGCTGTCGTCAGCTCGTGTTGTGAAATGTTGGGTTAAGTCCCGCAACGAGCGCAACCCTTATCCTTTGTTGCCAGCGGTTTGGCCGGGAACTCAAAGGAGACTGCCGTTGATAAAGCGGAGGAAGGTGGGGACGACGTCAAGTCATCATGGCCCTTACGACCAGGGCTACACACGTGCTACAATGGCGTATACAAAGGGAGGCGACCTCGCGAGAGCAAGCGGACCTCACAAAGTACGTCTAAGTCCGGATTGGAGTCTGCAACTCGACTCCATGAAGTCGGAATCGCTAGTAATCGTGAATCAGAATGTCACGGTGAATACGTTCCCGGGCCTTGTACACACCGCCCGTCACACCATGGGAGTGGGTTGCACCAGAAGTAGATAGCTTAACCGCAAGGGGGGCGTTTACCACGGTGTGGTCCATGACTGGGGTG
84,ESL0294,21698,55894,GACGAACGCTGGCGGCGTGCCTAATACATGCAAGTCGAGCGCGGGAAGTCAGGGAAGCCTTCGGGTGGAACTGGTGGAACGAGCGGCGGATGGGTGAGTAACACGTAGGTAACCTGCCCTAAAGCGGGGGATACCATCTGGAAACAGGTGCTAATACCGCATAACCCCAGCAGTCACATGAGTGCTGGTTGAAAGACGGCTTCGGCTGTCACTTTAGGATGGACCTGCGGCGTATTAGCTAGTTGGTGGAGTAACGGTTCACCAAGGCGATGATACGTAGCCGACCTGAGAGGGTAATCGGCCACATTGGGACTGAGACACGGCCCAAACTCCTACGGGAGGCAGCAGTAGGGAATCTTCCACAATGGACGCAAGTCTGATGGAGCAACGCCGCGTGGATGAAGAAGGTCTTCGGATCGTAAAATCCTGTTGTTGAAGAAGAACGGTTGTGAGAGTAACTGCTCATAACGTGACGGTAATCAACCAGAAAGTCACGGCTAACTACGTGCCAGCAGCCGCGGTAATACGTAGGTGGCAAGCGTTGTCCGGATTTATTGGGCGTAAAGGGAGCGCAGGCGGTCTTTTAAGTCTGAATGTGAAAGCCCTCAGCTTAACTGAGGAAGCGCATCGGAAACTGAGAGACTTGAGTGCAGAAGAGGAGAGTGGAACTCCATGTGTAGCGGTGAAATGCGTAGATATATGGAAGAACACCAGTGGCGAAGGCGGCTCTCTGGTCTGTTACTGACGCTGAGGCTCGAAAGCATGGGTAGCGAACAGGATTAGATACCCTGGTAGTCCATGCCGTAAACGATGAGTGCTAAGTGTTGGGAGGTTTCCGCCTCTCAGTGCTGCAGCTAACGCATTAAGCACTCCGCCTGGGGAGTACGACCGCAAGGTTGAAACTCAAAGGAATTGACGGGGGCCCGCACAAGCGGTGGAGCATGTGGTTTAATTCGAAGCAACGCGAAGAACCTTACCAGGTCTTGACATCTCCTGCAAGCCTAAGAGATTAGGGGTTCCCTTCGGGGACAGGAAGACAGGTGGTGCATGGTTGTCGTCAGCTCGTGTCGTGAGATGTTGGGTTAAGTCCCGCAACGAGCGCAACCCTTGTTACTAGTTGCCAGCATTAAGTTGGGCACTCTAGTGAGACTGCCGGTGACAAACCGGAGGAAGGTGGGGACGACGTCAAATCATCATGCCCCTTATGACCTGGGCTACACACGTGCTACAATGGATGGTACAATGAGAAGCGAACTCGCGAGGGGAAGCTGATCTCTGAAAACCATTCTCAGTTCGGATTGCAGGCTGCAACTCGCCTGCATGAAGCTGGAATCGCTAGTAATCGCGGATCAGCATGCCGCGGTGAATACGTTCCCGGGCCTTGTACACACCGCCCGTCACACCATGAGAGTTTGTAACACCCAAAGCCGGTGGGGTAACCTTTCGGGGAGCTAGCCGTCTAAGGTGGGACAAATGATTAGGGTG
85,ESL0294,19789,55894,GACGAACGCTGGCGGCGTGCCTAATACATGCAAGTCGAGCGCGGGAAGTCAGGGAAGCCTTCGGGTGGAACTGGTGGAACGAGCGGCGGATGGGTGAGTAACACGTAGGTAACCTGCCCTAAAGCGGGGGATACCATCTGGAAACAGGTGCTAATACCGCATAAACCCAGCAGTCACATGAGTGCTGGTTGAAAGACGGCTTCGGCTGTCACTTTAGGATGGACCTGCGGCGTATTAGCTAGTTGGTGGAGTAACGGTTCACCAAGGCGATGATACGTAGCCGACCTGAGAGGGTAATCGGCCACATTGGGACTGAGACACGGCCCAAACTCCTACGGGAGGCAGCAGTAGGGAATCTTCCACAATGGACGCAAGTCTGATGGAGCAACGCCGCGTGGATGAAGAAGGTCTTCGGATCGTAAAATCCTGTTGTTGAAGAAGAACGGTTGTGAGAGTAACTGCTCATAACGTGACGGTAATCAACCAGAAAGTCACGGCTAACTACGTGCCAGCAGCCGCGGTAATACGTAGGTGGCAAGCGTTGTCCGGATTTATTGGGCGTAAAGGGAGCGCAGGCGGTCTTTTAAGTCTGAATGTGAAAGCCCTCAGCTTAACTGAGGAAGCGCATCGGAAACTGAGAGACTTGAGTGCAGAAGAGGAGAGTGGAACTCCATGTGTAGCGGTGAAATGCGTAGATATATGGAAGAACACCAGTGGCGAAGGCGGCTCTCTGGTCTGTTACTGACGCTGAGGCTCGAAAGCATGGGTAGCGAACAGGATTAGATACCCTGGTAGTCCATGCCGTAAACGATGAGTGCTAAGTGTTGGGAGGTTTCCGCCTCTCAGTGCTGCAGCTAACGCATTAAGCACTCCGCCTGGGGAGTACGACCGCAAGGTTGAAACTCAAAGGAATTGACGGGGGCCCGCACAAGCGGTGGAGCATGTGGTTTAATTCGAAGCAACGCGAAGAACCTTACCAGGTCTTGACATCTCCTGCAAGCCTAAGAGATTAGGGGTTCCCTTCGGGGACAGGAAGACAGGTGGTGCATGGTTGTCGTCAGCTCGTGTCGTGAGATGTTGGGTTAAGTCCCGCAACGAGCGCAACCCTTGTTACTAGTTGCCAGCATTAAGTTGGGCACTCTAGTGAGACTGCCGGTGACAAACCGGAGGAAGGTGGGGACGACGTCAAATCATCATGCCCCTTATGACCTGGGCTACACACGTGCTACAATGGATGGTACAATGAGAAGCGAACTCGCGAGGGGAAGCTGATCTCTGAAAACCATTCTCAGTTCGGATTGCAGGCTGCAACTCGCCTGCATGAAGCTGGAATCGCTAGTAATCGCGGATCAGCATGCCGCGGTGAATACGTTCCCGGGCCTTGTACACACCGCCCGTCACACCATGAGAGTTTGTAACACCCAAAGCCGGTGGGGTAACCTTTCGGGGAGCTAGCCGTCTAAGGTGGGACAAATGATTAGGGTG
86,ESL0294,13953,55894,GACGAACGCTGGCGGCGTGCCTAATACATGCAAGTCGAGCGCGGGAAGTCAGGGAAGCCTTCGGGTGGAACTGGTGGAACGAGCGGCGGATGGGTGAGTAACACGTAGGTAACCTGCCCTAAAGCGGGGGATACCATCTGGAAACAGGTGCTAATACCGCATAAATCCAGCAGTCACATGAGTGCTGGTTGAAAGACGGCTTCGGCTGTCACTTTAGGATGGACCTGCGGCGTATTAGCTAGTTGGTGGAGTAACGGTTCACCAAGGCGATGATACGTAGCCGACCTGAGAGGGTAATCGGCCACATTGGGACTGAGACACGGCCCAAACTCCTACGGGAGGCAGCAGTAGGGAATCTTCCACAATGGACGCAAGTCTGATGGAGCAACGCCGCGTGGATGAAGAAGGTCTTCGGATCGTAAAATCCTGTTGTTGAAGAAGAACGGTTGTGAGAGTAACTGCTCATAACGTGACGGTAATCAACCAGAAAGTCACGGCTAACTACGTGCCAGCAGCCGCGGTAATACGTAGGTGGCAAGCGTTGTCCGGATTTATTGGGCGTAAAGGGAGCGCAGGCGGTCTTTTAAGTCTGAATGTGAAAGCCCTCAGCTTAACTGAGGAAGCGCATCGGAAACTGAGAGACTTGAGTGCAGAAGAGGAGAGTGGAACTCCATGTGTAGCGGTGAAATGCGTAGATATATGGAAGAACACCAGTGGCGAAGGCGGCTCTCTGGTCTGTTACTGACGCTGAGGCTCGAAAGCATGGGTAGCGAACAGGATTAGATACCCTGGTAGTCCATGCCGTAAACGATGAGTGCTAAGTGTTGGGAGGTTTCCGCCTCTCAGTGCTGCAGCTAACGCATTAAGCACTCCGCCTGGGGAGTACGACCGCAAGGTTGAAACTCAAAGGAATTGACGGGGGCCCGCACAAGCGGTGGAGCATGTGGTTTAATTCGAAGCAACGCGAAGAACCTTACCAGGTCTTGACATCTCCTGCAAGCCTAAGAGATTAGGGGTTCCCTTCGGGGACAGGAAGACAGGTGGTGCATGGTTGTCGTCAGCTCGTGTCGTGAGATGTTGGGTTAAGTCCCGCAACGAGCGCAACCCTTGTTACTAGTTGCCAGCATTAAGTTGGGCACTCTAGTGAGACTGCCGGTGACAAACCGGAGGAAGGTGGGGACGACGTCAAATCATCATGCCCCTTATGACCTGGGCTACACACGTGCTACAATGGATGGTACAATGAGAAGCGAACTCGCGAGGGGAAGCTGATCTCTGAAAACCATTCTCAGTTCGGATTGCAGGCTGCAACTCGCCTGCATGAAGCTGGAATCGCTAGTAATCGCGGATCAGCATGCCGCGGTGAATACGTTCCCGGGCCTTGTACACACCGCCCGTCACACCATGAGAGTTTGTAACACCCAAAGCCGGTGGGGTAACCTTTCGGGGAGCTAGCCGTCTAAGGTGGGACAAATGATTAGGGTG
87,ESL0294,308,55894,GACGAACGCTGGCGGCGTGCCTAATACATGCAAGTCGAGCGCGGGAAGTCAGGGAAGCCTTCGGGTGGAACTGGTGGAACGAGCGGCGGATGGGTGAGTAACACGTAGGTAACCTGCCCTAAAGCGGGGGATACCATCTGGAAACAGGTGCTAATACCGCATAATCCCAGCAGTCACATGAGTGCTGGTTGAAAGACGGCTTCGGCTGTCACTTTAGGATGGACCTGCGGCGTATTAGCTAGTTGGTGGAGTAACGGTTCACCAAGGCGATGATACGTAGCCGACCTGAGAGGGTAATCGGCCACATTGGGACTGAGACACGGCCCAAACTCCTACGGGAGGCAGCAGTAGGGAATCTTCCACAATGGACGCAAGTCTGATGGAGCAACGCCGCGTGGATGAAGAAGGTCTTCGGATCGTAAAATCCTGTTGTTGAAGAAGAACGGTTGTGAGAGTAACTGCTCATAACGTGACGGTAATCAACCAGAAAGTCACGGCTAACTACGTGCCAGCAGCCGCGGTAATACGTAGGTGGCAAGCGTTGTCCGGATTTATTGGGCGTAAAGGGAGCGCAGGCGGTCTTTTAAGTCTGAATGTGAAAGCCCTCAGCTTAACTGAGGAAGCGCATCGGAAACTGAGAGACTTGAGTGCAGAAGAGGAGAGTGGAACTCCATGTGTAGCGGTGAAATGCGTAGATATATGGAAGAACACCAGTGGCGAAGGCGGCTCTCTGGTCTGTTACTGACGCTGAGGCTCGAAAGCATGGGTAGCGAACAGGATTAGATACCCTGGTAGTCCATGCCGTAAACGATGAGTGCTAAGTGTTGGGAGGTTTCCGCCTCTCAGTGCTGCAGCTAACGCATTAAGCACTCCGCCTGGGGAGTACGACCGCAAGGTTGAAACTCAAAGGAATTGACGGGGGCCCGCACAAGCGGTGGAGCATGTGGTTTAATTCGAAGCAACGCGAAGAACCTTACCAGGTCTTGACATCTCCTGCAAGCCTAAGAGATTAGGGGTTCCCTTCGGGGACAGGAAGACAGGTGGTGCATGGTTGTCGTCAGCTCGTGTCGTGAGATGTTGGGTTAAGTCCCGCAACGAGCGCAACCCTTGTTACTAGTTGCCAGCATTAAGTTGGGCACTCTAGTGAGACTGCCGGTGACAAACCGGAGGAAGGTGGGGACGACGTCAAATCATCATGCCCCTTATGACCTGGGCTACACACGTGCTACAATGGATGGTACAATGAGAAGCGAACTCGCGAGGGGAAGCTGATCTCTGAAAACCATTCTCAGTTCGGATTGCAGGCTGCAACTCGCCTGCATGAAGCTGGAATCGCTAGTAATCGCGGATCAGCATGCCGCGGTGAATACGTTCCCGGGCCTTGTACACACCGCCCGTCACACCATGAGAGTTTGTAACACCCAAAGCCGGTGGGGTAACCTTTCGGGGAGCTAGCCGTCTAAGGTGGGACAAATGATTAGGGTG
88,ESL0394,5669,15055,GACGAACGCTGGCGGCGTGCCTAATACATGCAAGTCGAGCGAGCAATTTTGACGGAATACTTCGGTAGGAAGTCAGAAGCGCGAGCGGCGGATGGGTGAGTAACACGTGGGCAACCTGCCCTTTAGCTTGGGATACCACTTGGAAACAGGTGCTAATACCAAATAAGCAGCAAGAGCGCATGCTCAAGCTGAGAAAGGCGGCTTTCGAGCTGTCACTAAAGGATGGGCCCGCGGTGCATTAGCTAGTTGGTAAGGTAAGGGCCTACCAAGGCGATGATGCATAGCCGAGTTGAGAGACTGACCGGCCACATTGGGACTGAGACACGGCCCAAACTCCTACGGGAGGCAGCAGTAGGGAATCTTCCACAATGGACGCAAGTCTGATGGAGCAACGCCGCGTGAGTGAAGAAGGTTTTCGGATCGTAAAGCTCTGTTGTTGGTGAAGAAGGACAAGGGTAGTAACTGATCTTTGTTTGACGGTAATCAACCAGAAAGTCACGGCTAACTACGTGCCAGCAGCCGCGGTAATACGTAGGTGGCAAGCGTTGTCCGGATTTATTGGGCGTAAAGCGAACGCAGGCGGGAAGATAAGTCAGCTGTGAAAGCCCCCAGCTTAACTGGGGAACTGCAGCTGAAACTATGTTTCTTGAGTGCAGAAGAGGAGAGTGGAACTCCATGTGTAGCGGTGGAATGCGTAGATATATGGAAGAACACCAGTGGCGAAGGCGGCTCTCTGGTCTGTAACTGACGCTGAGGTTCGAAAGCATGGGTAGCGAACAGGATTAGATACCCTGGTAGTCCATGCCGTAAACGATGAGTGCTAAGTGTTGGGAGGTTTCCGCCTCTCAGTGCTGCAGCTAACGCATTAAGCACTCCGCCTGGGGAGTACGACCGCAAGGTTAAAACTCAAAGGAATTGACGGGGGCCCGCACAAGCGGTGGAGCATGTGGTTTAATTCGAAGCAACGCGAAGAACCTTACCAGGTCTTGACATCTAGTGCCAGTCCTAGAGATAGGATGTTTCCTTCGGGAACACTAAGACAGGTGGTGCATGGCTGTCGTCAGCTCGTGTCGTGAGATGTTGGGTTAAGTCCCGCAACGAGCGCAACCCTTATTATTAGTTGCCAGCATTAAGTTGGGCACTCTAATGAGACTGCCGGTGACAAACCGGAGGAAGGTGGGGACGACGTCAAGTCATCATGCCCCTTATGACCTGGGCTACACACGTGCTACAATGGTTAGTACAACGAGCAGCGAACCTGCAAAGGCAAGCGAATCTCTGAAAGCTAATCTCAGTTCGGATTGCACTCTGCAACTCGAGTGCATGAAGCTGGAATCGCTAGTAATCGCGGATCAGCACGCCGCGGTGAATACGTTCCCGGGCCTTGTACACACCGCCCGTCACACCATGAGAGTCTGTAATGCCCAAAGCCGGTGGGATAACCTGCAAAGGAGTCAGCCGTCTAAGGCAGGACAGATGATTAGGGTG
89,ESL0394,3794,15055,GACGAACGCTGGCGGCGTGCCTAATACATGCAAGTCGAGCGAGCAATTTTAACGGAATACTTCGGTAGGAAGTTAAGAGCGCGAGCGGCGGATGGGTGAGTAACACGTGGGCAACCTGCCCTTTAGCTTGGGATACCACTTGGAAACAGGTGCTAATACCAAATAAGAAGCGAGAGCGCATGCTCAAGCAGTAAAAGGCGGCTTTCGAGCTGTCACTAAAGGATGGGCCCGCGGTGCATTAGCTAGTTGGTAAGGTAACGGCCTACCAAGGCGATGATGCATAGCCGAGTTGAGAGACTGACCGGCCACATTGGGACTGAGACACGGCCCAAACTCCTACGGGAGGCAGCAGTAGGGAATCTTCCACAATGGACGCAAGTCTGATGGAGCAACGCCGCGTGAGTGAAGAAGGTTTTCGGATCGTAAAGCTCTGTTGTTGGTGAAGAAGGACAAGGGTAGTAACTGATCTTTGTTTGACGGTAATCAACCAGAAAGTCACGGCTAACTACGTGCCAGCAGCCGCGGTAATACGTAGGTGGCAAGCGTTGTCCGGATTTATTGGGCGTAAAGCGAACGCAGGCGGGAAGATAAGTCAGCTGTGAAAGCCCCCAGCTTAACTGGGGAACTGCAGCTGAAACTATGTTTCTTGAGTGCAGAAGAGGAGAGTGGAACTCCATGTGTAGCGGTGGAATGCGTAGATATATGGAAGAACACCAGTGGCGAAGGCGGCTCTCTGGTCTGTAACTGACGCTGAGGTTCGAAAGCATGGGTAGCGAACAGGATTAGATACCCTGGTAGTCCATGCCGTAAACGATGAGTGCTAAGTGTTGGGAGGTTTCCGCCTCTCAGTGCTGCAGCTAACGCATTAAGCACTCCGCCTGGGGAGTACGACCGCAAGGTTAAAACTCAAAGGAATTGACGGGGGCCCGCACAAGCGGTGGAGCATGTGGTTTAATTCGAAGCAACGCGAAGAACCTTACCAGGTCTTGACATCTAGTGCTAGTCCTAGAGATAGGATGTTTCCTTCGGGAACACTAAGACAGGTGGTGCATGGCTGTCGTCAGCTCGTGTCGTGAGATGTTGGGTTAAGTCCCGCAACGAGCGCAACCCTTATTATTAGTTGCCAGCATTAAGTTGGGCACTCTAATGAGACTGCCGGTGACAAACCGGAGGAAGGTGGGGACGACGTCAAGTCATCATGCCCCTTATGACCTGGGCTACACACGTGCTACAATGGTTAGTACAACGAGCAGCGAACCTGCAAAGGCAAGCGAATCTCTGAAAGCTAATCTCAGTTCGGATTGCACTCTGCAACTCGAGTGCATGAAGCTGGAATCGCTAGTAATCGCGGATCAGCACGCCGCGGTGAATACGTTCCCGGGCCTTGTACACACCGCCCGTCACACCATGAGAGTCTGTAATGCCCAAAGCCGGTGGGATAACCTGCAAAGGAGTCAGCCGTCTAAGGCAGGACAGATGATTAGGGTG
90,ESL0394,2880,15055,GACGAACGCTGGCGGCGTGCCTAATACATGCAAGTCGAGCGAGCAATTTTGACGGAATACTTCGGTAGGAAGTTAAGAGCGCGAGCGGCGGATGGGTGAGTAACACGTGGGCAACCTGCCCTTTAGCTTGGGATACCACTTGGAAACAGGTGCTAATACCAAATAAGAAGCAAGAGCGCATGCTCAAGCAGTAAAAGGCGGCTTTCGAGCTGTCACTAAAGGATGGGCCCGCGGTGCATTAGCTAGTTGGTAAGGTAACGGCCTACCAAGGCGATGATGCATAGCCGAGTTGAGAGACTGACCGGCCACATTGGGACTGAGACACGGCCCAAACTCCTACGGGAGGCAGCAGTAGGGAATCTTCCACAATGGACGCAAGTCTGATGGAGCAACGCCGCGTGAGTGAAGAAGGTTTTCGGATCGTAAAGCTCTGTTGTTGGTGAAGAAGGACAAGGGTAGTAACTGATCTTTGTTTGACGGTAATCAACCAGAAAGTCACGGCTAACTACGTGCCAGCAGCCGCGGTAATACGTAGGTGGCAAGCGTTGTCCGGATTTATTGGGCGTAAAGCGAACGCAGGCGGGAAGATAAGTCAGCTGTGAAAGCCCCCAGCTTAACTGGGGAATTGCAGCTGAAACTATGTTTCTTGAGTGCAGAAGAGGAGAGTGGAACTCCATGTGTAGCGGTGGAATGCGTAGATATATGGAAGAACACCAGTGGCGAAGGCGGCTCTCTGGTCTGTAACTGACGCTGAGGTTCGAAAGCATGGGTAGCGAACAGGATTAGATACCCTGGTAGTCCATGCCGTAAACGATGAGTGCTAAGTGTTGGGAGGTTTCCGCCTCTCAGTGCTGCAGCTAACGCATTAAGCACTCCGCCTGGGGAGTACGACCGCAAGGTTAAAACTCAAAGGAATTGACGGGGGCCCGCACAAGCGGTGGAGCATGTGGTTTAATTCGAAGCAACGCGAAGAACCTTACCAGGTCTTGACATCTAGTGCCAGTCCTAGAGATAGGATGTTTCCTTCGGGAACACTAAGACAGGTGGTGCATGGCTGTCGTCAGCTCGTGTCGTGAGATGTTGGGTTAAGTCCCGCAACGAGCGCAACCCTTATTATTAGTTGCCAGCATTAAGTTGGGCACTCTAATGAGACTGCCGGTGACAAACCGGAGGAAGGTGGGGACGACGTCAAGTCATCATGCCCCTTATGACCTGGGCTACACACGTGCTACAATGGTTAGTACAACGAGCAGCGAACCTGCAAAGGCAAGCGAATCTCTGAAAGCTAATCTCAGTTCGGATTGCACTCTGCAACTCGAGTGCATGAAGCTGGAATCGCTAGTAATCGCGGATCAGCACGCCGCGGTGAATACGTTCCCGGGCCTTGTACACACCGCCCGTCACACCATGAGAGTCTGTAATGCCCAAAGCCGGTGGGATAACCTGCAAAGGAGTCAGCCGTCTAAGGCAGGACAGATGATTAGGGTG
91,ESL0394,2691,15055,GACGAACGCTGGCGGCGTGCCTAATACATGCAAGTCGAGCGAGCAATTTTGACGGAATACTTCGGTAGGAAGTCAGAAGCGCGAGCGGCGGATGGGTGAGTAACACGTGGGCAACCTGCCCTTTAGCTTGGGATACCACTTGGAAACAGGTGCTAATACCAAATAAGCAGCAAGAGCGCATGCTCAAGCTGAGAAAGGCGGCTTTCGAGCTGTCACTAAAGGATGGGCCCGCGGTGCATTAGCTAGTTGGTAAGGTAAGGGCCTACCAAGGCGATGATGCATAGCCGAGTTGAGAGACTGACCGGCCACATTGGGACTGAGACACGGCCCAAACTCCTACGGGAGGCAGCAGTAGGGAATCTTCCACAATGGACGCAAGTCTGATGGAGCAACGCCGCGTGAGTGAAGAAGGTTTTCGGATCGTAAAGCTCTGTTGTTGGTGAAGAAGGACAAGGGTAGTAACTGATCTTTGTTTGACGGTAATCAACCAGAAAGTCACGGCTAACTACGTGCCAGCAGCCGCGGTAATACGTAGGTGGCAAGCGTTGTCCGGATTTATTGGGCGTAAAGCGAACGCAGGCGGGAAGATAAGTCAGCTGTGAAAGCCCCCAGCTTAACTGGGGAACTGCAGCTGAAACTATGTTTCTTGAGTGCAGAAGAGGAGAGTGGAACTCCATGTGTAGCGGTGGAATGCGTAGATATATGGAAGAACACCAGTGGCGAAGGCGGCTCTCTGGTCTGTAACTGACGCTGAGGTTCGAAAGCATGGGTAGCGAACAGGATTAGATACCCTGGTAGTCCATGCCGTAAACGATGAGTGCTAAGTGTTGGGAGGTTTCCGCCTCTCAGTGCTGCAGCTAACGCATTAAGCACTCCGCCTGGGGAGTACGACCGCAAGGTTAAAACTCAAAGGAATTGACGGGGGCCCGCACAAGCGGTGGAGCATGTGGTTTAATTCGAAGCAACGCGAAGAACCTTACCAGGTCTTGACATCTAGTGCCAGTCCTAGAGATAGGATGTTTCCTTCGGGAACACTAAGACAGGTGGTGCATGGCTGTCGTCAGCTCGTGTCGTGAGATGTTGGGTTAAGTCCCGCAACGAGCGCAACCCTTATTATTAGTTGCCAGCATTAAGTTGGGCACTCTAATGAGACTGCCGGTGACAAACCGGAGGAAGGTGGGGACGACGTCAAGTCATCATGCCCCTTACGACCTGGGCTACACACGTGCTACAATGGTTAGTACAACGAGCAGCGAACCTGCAAAGGCAAGCGAATCTCTGAAAGCTAATCTCAGTTCGGATTGCACTCTGCAACTCGAGTGCATGAAGCTGGAATCGCTAGTAATCGCGGATCAGCACGCCGCGGTGAATACGTTCCCGGGCCTTGTACACACCGCCCGTCACACCATGAGAGTCTGTAATGCCCAAAGCCGGTGGGATAACCTGCAAAGGAGTCAGCCGTCTAAGGCAGGACAGATGATTAGGGTG
92,ESL1028,33597,33597,GACGAACGCTGGCGGCGTGCCTAATACATGCAAGTCGAGCGAGCGAGATGAACGGAATACTTCGGTAGGAAGTTCAGATTGCGAGCGGCGGATGGGTGAGTAACACGTAGGCAATCTACCCTTAAGCGGGGGATAACACCTGGAAACAGGTGCTAATACCGCATAAAACTAAGGACGCCTGTTCTAAAGTTAAAAGACGGTGAGAGCTGTCACTTAAGGATGAGCCTGCGGCGTATTAGCTAGTTGGCAAGGTAAGAGCTTACCAAGGCGATGATACGTAGCCGACCTGAGAGGGTAATCGGCCACATTGGGACTGAGACACGGCCCAAACTCCTACGGGAGGCAGCAGTAGGGAATCTTCCACAATGGACGCAAGTCTGATGGAGCAACGCCGCGTGGATGAAGAAGGTCTTCGGATCGTAAAATCCTGTTGTTGAAGAAGAACGTATGTGAGAGTAACTGCTCAGATAGTGACGGTATTCAACCAGAAAGTCACGGCTAACTACGTGCCAGCAGCCGCGGTAATACGTAGGTGGCAAGCGTTGTCCGGATTTATTGGGCGTAAAGGGAGCGCAGGCGGTTAAATAAGTCTGGGATGTGAAAGCCCTCAGCTCAACTGAGGAATTGCAACGGAAACTGTTTAACTTGAGTGCAGAAGAGGAGAGTGGAACTCCATGTGTAGCGGTGAAATGCGTAGATATATGGAAGAACACCAGTGGCGAAGGCGGCTCTCTGGTCTGTCACTGACGCTGAGGCTCGAAAGCATGGGTAGCGAACAGGATTAGATACCCTGGTAGTCCATGCCGTAAACGATGAGTGCTAAGTGTTGGGAGGTTTCCGCCTTTCAGTGCTGCAGCAAACGCATTAAGCACTCCGCCTGGGGAGTACGACCGCAAGGTTGAAACTCAAAGGAATTGACGGGGGCCCGCACAAGCGGTGGAGCATGTGGTTTAATTCGAAGCAACGCGAAGAACCTTACCAGGTCTTGACATCTCCTGCGAGCCTAAGAGATTAGGTGTTCCCTTCGGGGACAGGAAGACAGGTGGTGCATGGTTGTCGTCAGCTCGTGTCGTGAGATGTTGGGTTAAGTCCCGCAACGAGCGCAACCCTTGTTACTAGTTGCCAGCATTAAGTTGGGCACTCTAGTGAGACTGCCGGTGACAAACCGGAGGAAGGTGGGGACGACGTCAAATCATCATGCCCCTTATGACCTGGGCTACACACGTGCTACAATGGATGGTACAACGAGCAGCGAACTCGTGAGGGCAAGCGAATCTCTGAAAACCATTCTCAGTTCGGATTGCAGGCTGCAACTCGCCTGCATGAAGTTGGAATCGCTAGTAATCGCGGATCAGCATGCCGCGGTGAATACGTTCCCGGGCCTTGTACACACCGCCCGTCACACCATGAGAGTTTGTAACACCCAAAGCCGGTGCGGCAACCCGTAAGGGAGCCAGCCGTCTAAGGTGGGACAAATGATTAGGGTG
93,ESL0263,12247,70798,GACGAACGCTGGCGGCGTGCCTAATACATGCAAGTCGAGCGAGCAAAGTTAAAGGAATACTTCGGTAGGAATTTAATAGCGCGAGCGGCGGATGGGTGAGTAACACGTGGGCAATCTACCCTTTAGCTTGGGATACCACTTGGAAACAGGTGCTAATACCAAATAAGAAGTAAGAGCGCATGCTCAAGCTATGAAAGGCGGCTTTCGAGCTGTCACTAAAGGATGAGCCCGCGGTGCATTAGCTAGTTGGTAAGGTAACGGCTTACCAAGGCAATGATGCATAGCCGAGTTGAGAGACTGATCGGCCACATTGGGACTGAGACACGGCCCAAACTCCTACGGGAGGCAGCAGTAGGGAATCTTCCACAATGGACGCAAGTCTGATGGAGCAACGCCGCGTGAGTGAAGAAGGTTTTCGGATCGTAAAGCTCTGTTGTTGGTGAAGAAGGACATGGATAGTAACTGATCTATGTTTGACGGTAATCAACCAGAAAGTCACGGCTAACTACGTGCCAGCAGCCGCGGTAATACGTAGGTGGCAAGCGTTGTCCGGATTTATTGGGCGTAAAGCGAACGCAGGCGGGAGAACAAGTCAGCTGTGAAAGCCCTCGGCTTAACCGAGGAACGGCAACTGAAACTGTTTTTCTTGAGTGCAGAAGAGGAGAGTGGAACTCCATGTGTAGCGGTGAAATGCGTAGATATATGGAAGAACACCAGTGGCGAAGGCGGCTCTCTGGTCTGTAACTGACGCTGAGGTTCGAAAGCATGGGTAGCGAACAGGATTAGATACCCTGGTAGTCCATGCCGTAAACGATGAGTGCTAAGTGTTGGGAGGTTTCCGCCTCTCAGTGCTGCAGCTAACGCATTAAGCACTCCGCCTGGGGAGTACGACCGCAAGGTTAAAACTCAAAGGAATTGACGGGGGCCCGCACAAGCGGTGGAGCATGTGGTTTAATTCGAAGCAACGCGAAGAACCTTACCAGGTCTTGACATCTAGTGCAAACCCTAGAGATAGGGTGTTTCCTTCGGGAACACTAAGACAGGTGGTGCATGGCTGTCGTCAGCTCGTGTCGTGAGATGTTGGGTTAAGTCCCGCAACGAGCGCAACCCTTATTATTAGTTGCCAGCATTAAGTTGGGCACTCTAATGAGACTGCCGGTGACAAACCGGAGGAAGGTGGGGACGACGTCAAGTCATCATGCCCCTTATGACCTGGGCTACACACGTGCTACAATGGTTAGTACAACGAGGAGCGAACCTGTGAAGGCAAGCGAATCTCTTAAAGCTAATCTCAGTTCGGATTGCACTCTGCAACTCGAGTGCATGAAGCTGGAATCGCTAGTAATCGCGGATCAGCATGCCGCGGTGAATACGTTCCCGGGCCTTGTACACACCGCCCGTCACACCATGAGAGTTTGTAATACCCAAAGCCGGTGAGATAACCTGTAAAGGAGTCAGCCGTCTAAGGTAGGACAGATGATTAGGGTG
94,ESL0183,1179,5014,GACGAACGCTGGCGGCGTGCCTAATACATGCAAGTCGAGCGAGCAATTTTGACGGAATACTTCGGTAGGAAGTCAGAAGCGCGAGCGGCGGATGGGTGAGTAACACGTGGGCAACCTGCCCTTTAGCTTGGGATACCACTTGGAAACAGGTGCTAATACCAAATAAGCAGCACGAGCGCATACTCGAGCTGAGAAAGGCGGCTTTCGAGCTGTCACTAAAGGATGGGCCCGCGGTGCATTAGCTAGTTGGTAAGGTAACGGCTTACCAAGGCGATGATGCATAGCCGAGTTGAGAGACTGACCGGCCACATTGGGACTGAGACACGGCCCAAACTCCTACGGGAGGCAGCAGTAGGGAATCTTCCACAATGGACGCAAGTCTGATGGAGCAACGCCGCGTGAGTGAAGAAGGTTTTCGGATCGTAAAGCTCTGTTGTTGGTGAAGAAGGACAAGGGTAGTAACTGATTCTTGTTTGACGGTAATCAACCAGAAAGTCACGGCTAACTACGTGCCAGCAGCCGCGGTAATACGTAGGTGGCAAGCGTTGTCCGGATTTATTGGGCGTAAAGCGAACGCAGGCGGGAGAATAAGTCAGCTGTGAAAGCCCCCAGCTTAACTGGGGAAGTGCAACTGAAACTATTTTTCTTGAGTGCAGAAGAGGAGAGTGGAACTCCATGTGTAGCGGTGGAATGCGTAGATATATGGAAGAACACCAGTGGCGAAGGCGGCTCTCTGGTCTGTAACTGACGCTGAGGTTCGAAAGCATGGGTAGCGAACAGGATTAGATACCCTGGTAGTCCATGCCGTAAACGATGAGTGCTAAGTGTTGGGAGGTTTCCGCCTCTCAGTGCTGCAGCTAACGCATTAAGCACTCCGCCTGGGGAGTACGACCGCAAGGTTAAAACTCAAAGGAATTGACGGGGGCCCGCACAAGCGGTGGAGCATGTGGTTTAATTCGAAGCAACGCGAAGAACCTTACCAGGTCTTGACATCTAGTGCCAGTCCTAGAGATAGGATGTTTCCTTCGGGAACACTAAGACAGGTGGTGCATGGCTGTCGTCAGCTCGTGTCGTGAGATGTTGGGTTAAGTCCCGCAACGAGCGCAACCCTTATTATTAGTTGCCAGCATTAAGTTGGGCACTCTAATGAGACTGCCGGTGACAAACCGGAGGAAGGTGGGGACGACGTCAAGTCATCATGCCCCTTATGACCTGGGCTACACACGTGCTACAATGGTTAGTACAACGAGCAGCGAACCTGCAAAGGCAAGCGAATCTCTGAAAGCTAATCTCAGTTCGGATTGCACTCTGCAACTCGAGTGCATGAAGCTGGAATCGCTAGTAATCGCGGATCAGCACGCCGCGGTGAATACGTTCCCGGGCCTTGTACACACCGCCCGTCACACCATGAGAGTCTGTAATGCCCAAAGCCGGTAGGATAACCTGCAAGGGAGTCAGCCGTCTAAGGCAGGACAGATGATTAGGGTG
94,ESL0262,10069,46573,GACGAACGCTGGCGGCGTGCCTAATACATGCAAGTCGAGCGAGCAATTTTGACGGAATACTTCGGTAGGAAGTCAGAAGCGCGAGCGGCGGATGGGTGAGTAACACGTGGGCAACCTGCCCTTTAGCTTGGGATACCACTTGGAAACAGGTGCTAATACCAAATAAGCAGCACGAGCGCATACTCGAGCTGAGAAAGGCGGCTTTCGAGCTGTCACTAAAGGATGGGCCCGCGGTGCATTAGCTAGTTGGTAAGGTAACGGCTTACCAAGGCGATGATGCATAGCCGAGTTGAGAGACTGACCGGCCACATTGGGACTGAGACACGGCCCAAACTCCTACGGGAGGCAGCAGTAGGGAATCTTCCACAATGGACGCAAGTCTGATGGAGCAACGCCGCGTGAGTGAAGAAGGTTTTCGGATCGTAAAGCTCTGTTGTTGGTGAAGAAGGACAAGGGTAGTAACTGATTCTTGTTTGACGGTAATCAACCAGAAAGTCACGGCTAACTACGTGCCAGCAGCCGCGGTAATACGTAGGTGGCAAGCGTTGTCCGGATTTATTGGGCGTAAAGCGAACGCAGGCGGGAGAATAAGTCAGCTGTGAAAGCCCCCAGCTTAACTGGGGAAGTGCAACTGAAACTATTTTTCTTGAGTGCAGAAGAGGAGAGTGGAACTCCATGTGTAGCGGTGGAATGCGTAGATATATGGAAGAACACCAGTGGCGAAGGCGGCTCTCTGGTCTGTAACTGACGCTGAGGTTCGAAAGCATGGGTAGCGAACAGGATTAGATACCCTGGTAGTCCATGCCGTAAACGATGAGTGCTAAGTGTTGGGAGGTTTCCGCCTCTCAGTGCTGCAGCTAACGCATTAAGCACTCCGCCTGGGGAGTACGACCGCAAGGTTAAAACTCAAAGGAATTGACGGGGGCCCGCACAAGCGGTGGAGCATGTGGTTTAATTCGAAGCAACGCGAAGAACCTTACCAGGTCTTGACATCTAGTGCCAGTCCTAGAGATAGGATGTTTCCTTCGGGAACACTAAGACAGGTGGTGCATGGCTGTCGTCAGCTCGTGTCGTGAGATGTTGGGTTAAGTCCCGCAACGAGCGCAACCCTTATTATTAGTTGCCAGCATTAAGTTGGGCACTCTAATGAGACTGCCGGTGACAAACCGGAGGAAGGTGGGGACGACGTCAAGTCATCATGCCCCTTATGACCTGGGCTACACACGTGCTACAATGGTTAGTACAACGAGCAGCGAACCTGCAAAGGCAAGCGAATCTCTGAAAGCTAATCTCAGTTCGGATTGCACTCTGCAACTCGAGTGCATGAAGCTGGAATCGCTAGTAATCGCGGATCAGCACGCCGCGGTGAATACGTTCCCGGGCCTTGTACACACCGCCCGTCACACCATGAGAGTCTGTAATGCCCAAAGCCGGTAGGATAACCTGCAAGGGAGTCAGCCGTCTAAGGCAGGACAGATGATTAGGGTG
95,ESL0183,1271,5014,GACGAACGCTGGCGGCGTGCCTAATACATGCAAGTCGAGCGAGCAATTTTGACGGAATACTTCGGTAGGAAGTCAGAAGCGCGAGCGGCGGATGGGTGAGTAACACGTGGGCAACCTGCCCTTTAGCTTGGGATACCACTTGGAAACAGGTGCTAATACCAAATAAGCAGCACGAGCGCATGCTCAAGCTGAGAAAGGTGGCTTTCGAGCTGTCACTAAAGGATGGGCCCGCGGTGCATTAGCTAGTTGGTAAGGTAACGGCTTACCAAGGCGATGATGCATAGCCGAGTTGAGAGACTGACCGGCCACATTGGGACTGAGACACGGCCCAAACTCCTACGGGAGGCAGCAGTAGGGAATCTTCCACAATGGACGCAAGTCTGATGGAGCAACGCCGCGTGAGTGAAGAAGGTTTTCGGATCGTAAAGCTCTGTTGTTGGTGAAGAAGGACAAGGGTAGTAACTGATTCTTGTTTGACGGTAATCAACCAGAAAGTCACGGCTAACTACGTGCCAGCAGCCGCGGTAATACGTAGGTGGCAAGCGTTGTCCGGATTTATTGGGCGTAAAGCGAACGCAGGCGGGAGAATAAGTCAGCTGTGAAAGCCCCCAGCTTAACTGGGGAAGTGCAACTGAAACTATTTTTCTTGAGTGCAGAAGAGGAGAGTGGAACTCCATGTGTAGCGGTGGAATGCGTAGATATATGGAAGAACACCAGTGGCGAAGGCGGCTCTCTGGTCTGTAACTGACGCTGAGGTTCGAAAGCATGGGTAGCGAACAGGATTAGATACCCTGGTAGTCCATGCCGTAAACGATGAGTGCTAAGTGTTGGGAGGTTTCCGCCTCTCAGTGCTGCAGCTAACGCATTAAGCACTCCGCCTGGGGAGTACGACCGCAAGGTTAAAACTCAAAGGAATTGACGGGGGCCCGCACAAGCGGTGGAGCATGTGGTTTAATTCGAAGCAACGCGAAGAACCTTACCAGGTCTTGACATCTAGTGCCAGTCCTAGAGATAGGATGTTTCCTTCGGGAACACTAAGACAGGTGGTGCATGGCTGTCGTCAGCTCGTGTCGTGAGATGTTGGGTTAAGTCCCGCAACGAGCGCAACCCTTATTATTAGTTGCCAGCATTAAGTTGGGCACTCTAATGAGACTGCCGGTGACAAACCGGAGGAAGGTGGGGACGACGTCAAGTCATCATGCCCCTTATGACCTGGGCTACACACGTGCTACAATGGTTAGTACAACGAGCAGCGAACCTGCAAAGGCAAGCGAATCTCTGAAAGCTAATCTCAGTTCGGATTGCACTCTGCAACTCGAGTGCATGAAGCTGGAATCGCTAGTAATCGCGGATCAGCACGCCGCGGTGAATACGTTCCCGGGCCTTGTACACACCGCCCGTCACACCATGAGAGTCTGTAATGCCCAAAGCCGGTAGGATAACCTGCAAAGGAGTCAGCCGTCTAAGGCAGGACAGATGATTAGGGTG
95,ESL0262,9139,46573,GACGAACGCTGGCGGCGTGCCTAATACATGCAAGTCGAGCGAGCAATTTTGACGGAATACTTCGGTAGGAAGTCAGAAGCGCGAGCGGCGGATGGGTGAGTAACACGTGGGCAACCTGCCCTTTAGCTTGGGATACCACTTGGAAACAGGTGCTAATACCAAATAAGCAGCACGAGCGCATGCTCAAGCTGAGAAAGGTGGCTTTCGAGCTGTCACTAAAGGATGGGCCCGCGGTGCATTAGCTAGTTGGTAAGGTAACGGCTTACCAAGGCGATGATGCATAGCCGAGTTGAGAGACTGACCGGCCACATTGGGACTGAGACACGGCCCAAACTCCTACGGGAGGCAGCAGTAGGGAATCTTCCACAATGGACGCAAGTCTGATGGAGCAACGCCGCGTGAGTGAAGAAGGTTTTCGGATCGTAAAGCTCTGTTGTTGGTGAAGAAGGACAAGGGTAGTAACTGATTCTTGTTTGACGGTAATCAACCAGAAAGTCACGGCTAACTACGTGCCAGCAGCCGCGGTAATACGTAGGTGGCAAGCGTTGTCCGGATTTATTGGGCGTAAAGCGAACGCAGGCGGGAGAATAAGTCAGCTGTGAAAGCCCCCAGCTTAACTGGGGAAGTGCAACTGAAACTATTTTTCTTGAGTGCAGAAGAGGAGAGTGGAACTCCATGTGTAGCGGTGGAATGCGTAGATATATGGAAGAACACCAGTGGCGAAGGCGGCTCTCTGGTCTGTAACTGACGCTGAGGTTCGAAAGCATGGGTAGCGAACAGGATTAGATACCCTGGTAGTCCATGCCGTAAACGATGAGTGCTAAGTGTTGGGAGGTTTCCGCCTCTCAGTGCTGCAGCTAACGCATTAAGCACTCCGCCTGGGGAGTACGACCGCAAGGTTAAAACTCAAAGGAATTGACGGGGGCCCGCACAAGCGGTGGAGCATGTGGTTTAATTCGAAGCAACGCGAAGAACCTTACCAGGTCTTGACATCTAGTGCCAGTCCTAGAGATAGGATGTTTCCTTCGGGAACACTAAGACAGGTGGTGCATGGCTGTCGTCAGCTCGTGTCGTGAGATGTTGGGTTAAGTCCCGCAACGAGCGCAACCCTTATTATTAGTTGCCAGCATTAAGTTGGGCACTCTAATGAGACTGCCGGTGACAAACCGGAGGAAGGTGGGGACGACGTCAAGTCATCATGCCCCTTATGACCTGGGCTACACACGTGCTACAATGGTTAGTACAACGAGCAGCGAACCTGCAAAGGCAAGCGAATCTCTGAAAGCTAATCTCAGTTCGGATTGCACTCTGCAACTCGAGTGCATGAAGCTGGAATCGCTAGTAATCGCGGATCAGCACGCCGCGGTGAATACGTTCCCGGGCCTTGTACACACCGCCCGTCACACCATGAGAGTCTGTAATGCCCAAAGCCGGTAGGATAACCTGCAAAGGAGTCAGCCGTCTAAGGCAGGACAGATGATTAGGGTG
96,ESL0262,1205,46573,GACGAACGCTGGCGGCGTGCCTAATACATGCAAGTCGAGCGAGCAATTTTGACGGAATACTTCGGTAGGAAGTCAGAAGCGCGAGCGGCGGATGGGTGAGTAACACGTGGGCAACCTGCCCTTTAGCTTGGGATACCACTTGGAAACAGGTGCTAATACCAAATAAGCAGCACGAGCGCATAGCTCAAGCTGAGAAAGGCGGCTTTCGAGCTGTCACTAAAGGATGGGCCCGCGGTGCATTAGCTAGTTGGTAAGGTAACGGCTTACCAAGGCGATGATGCATAGCCGAGTTGAGAGACTGACCGGCCACATTGGGACTGAGACACGGCCCAAACTCCTACGGGAGGCAGCAGTAGGGAATCTTCCACAATGGACGCAAGTCTGATGGAGCAACGCCGCGTGAGTGAAGAAGGTTTTCGGATCGTAAAGCTCTGTTGTTGGTGAAGAAGGACAAGGGTAGTAACTGATTCTTGTTTGACGGTAATCAACCAGAAAGTCACGGCTAACTACGTGCCAGCAGCCGCGGTAATACGTAGGTGGCAAGCGTTGTCCGGATTTATTGGGCGTAAAGCGAACGCAGGCGGGAGAATAAGTCAGCTGTGAAAGCCCCCAGCTTAACTGGGGAAGTGCAACTGAAACTATTTTTCTTGAGTGCAGAAGAGGAGAGTGGAACTCCATGTGTAGCGGTGGAATGCGTAGATATATGGAAGAACACCAGTGGCGAAGGCGGCTCTCTGGTCTGTAACTGACGCTGAGGTTCGAAAGCATGGGTAGCGAACAGGATTAGATACCCTGGTAGTCCATGCCGTAAACGATGAGTGCTAAGTGTTGGGAGGTTTCCGCCTCTCAGTGCTGCAGCTAACGCATTAAGCACTCCGCCTGGGGAGTACGACCGCAAGGTTAAAACTCAAAGGAATTGACGGGGGCCCGCACAAGCGGTGGAGCATGTGGTTTAATTCGAAGCAACGCGAAGAACCTTACCAGGTCTTGACATCTAGTGCCAGTCCTAGAGATAGGATGTTTCCTTCGGGAACACTAAGACAGGTGGTGCATGGCTGTCGTCAGCTCGTGTCGTGAGATGTTGGGTTAAGTCCCGCAACGAGCGCAACCCTTATTATTAGTTGCCAGCATTAAGTTGGGCACTCTAATGAGACTGCCGGTGACAAACCGGAGGAAGGTGGGGACGACGTCAAGTCATCATGCCCCTTATGACCTGGGCTACACACGTGCTACAATGGTTAGTACAACGAGCAGCGAACCTGCAAAGGCAAGCGAATCTCTGAAAGCTAATCTCAGTTCGGATTGCACTCTGCAACTCGAGTGCATGAAGCTGGAATCGCTAGTAATCGCGGATCAGCACGCCGCGGTGAATACGTTCCCGGGCCTTGTACACACCGCCCGTCACACCATGAGAGTCTGTAATGCCCAAAGCCGGTAGGATAACCTGCAAGGGAGTCAGCCGTCTAAGGCAGGACAGATGATTAGGGTG
97,ESL0262,372,46573,GACGAACGCTGGCGGCGTGCCTAATACATGCAAGTCGAGCGAGCAATTTTGACGGAATACTTCGGTAGGAAGTCAGAAGCGCGAGCGGCGGATGGGTGAGTAACACGTGGGCAACCTGCCCTTTAGCTTGGGATACCACTTGGAAACAGGTGCTAATACCAAATAAGCAGCACGAGCGCATACTCGAGCTGAGAAAGGCGGCTTTCGAGCTGTCACTAAAGGATGGGCCCGCGGTGCATTAGCTAGTTGGTAAGGTAACGGCTTACCAAGGCGATGATGCATAGCCGAGTTGAGAGACTGACCGGCCACATTGGGACTGAGACACGGCCCAAACTCCTACGGGAGGCAGCAGTAGGGAATCTTCCACAATGGACGCAAGTCTGATGGAGCAACGCCGCGTGAGTGAAGAAGGTTTTCGGATCGTAAAGCTCTGTTGTTGGTGAAGAAGGACAAGGGTAGTAACTGATTCTTGTTTGACGGTAATCAACCAGAAAGTCACGGCTAACTACGTGCCAGCAGCCGCGGTAATACGTAGGTGGCAAGCGTTGTCCGGATTTATTGGGCGTAAAGCGAACGCAGGCGGGAGAATAAGTCAGCTGTGAAAGCCCCCAGCTTAACTGGGGAAGAGCAACTGAAACTATTTTTCTTGAGTGCAGAAGAGGAGAGTGGAACTCCATGTGTAGCGGTGGAATGCGTAGATATATGGAAGAACACCAGTGGCGAAGGCGGCTCTCTGGTCTGTAACTGACGCTGAGGTTCGAAAGCATGGGTAGCGAACAGGATTAGATACCCTGGTAGTCCATGCCGTAAACGATGAGTGCTAAGTGTTGGGAGGTTTCCGCCTCTCAGTGCTGCAGCTAACGCATTAAGCACTCCGCCTGGGGAGTACGACCGCAAGGTTAAAACTCAAAGGAATTGACGGGGGCCCGCACAAGCGGTGGAGCATGTGGTTTAATTCGAAGCAACGCGAAGAACCTTACCAGGTCTTGACATCTAGTGCCAGTCCTAGAGATAGGATGTTTCCTTCGGGAACACTAAGACAGGTGGTGCATGGCTGTCGTCAGCTCGTGTCGTGAGATGTTGGGTTAAGTCCCGCAACGAGCGCAACCCTTATTATTAGTTGCCAGCATTAAGTTGGGCACTCTAATGAGACTGCCGGTGACAAACCGGAGGAAGGTGGGGACGACGTCAAGTCATCATGCCCCTTATGACCTGGGCTACACACGTGCTACAATGGTTAGTACAACGAGCAGCGAACCTGCAAAGGCAAGCGAATCTCTGAAAGCTAATCTCAGTTCGGATTGCACTCTGCAACTCGAGTGCATGAAGCTGGAATCGCTAGTAATCGCGGATCAGCACGCCGCGGTGAATACGTTCCCGGGCCTTGTACACACCGCCCGTCACACCATGAGAGTCTGTAATGCCCAAAGCCGGTAGGATAACCTGCAAAGGGAGTCAGCCGTCTAAGGCAGGACAGATGATTAGGGTG
98,ESL0184,471,1455,GACGAACGCTGGCGGCGTGCCTAATACATGCAAGTCGAGCGAGCAATTTTAACAGAATACTTCGGTAGGAAGTTAAGAGCGCGAGCGGCGGATGGGTGAGTAACACGTGGGCAACCTGCCCTTTAGCTTGGGATACCACTTGGAAACAGGTGCTAATACCAAATAAGCAGCAAGAGCGCATGCTCAAGCTGAGAAAGGCGGCTTTCGAGCTGTCACTAAAGGATGGGCCCGCGGTGCATTAGCTAGTTGGTAAGGTAAGGGCCTACCAAGGCGATGATGCATAGCCGAGTTGAGAGACTGACCGGCCACATTGGGACTGAGACACGGCCCAAACTCCTACGGGAGGCAGCAGTAGGGAATCTTCCACAATGGACGCAAGTCTGATGGAGCAACGCCGCGTGAGTGAAGAAGGTTTTCGGATCGTAAAGCTCTGTTGTTGGTGAAGAAGGACAAGGAAAGCAACTGATCTTTGTTTGACGGTAATCAACCAGAAAGTCACGGCTAACTACGTGCCAGCAGCCGCGGTAATACGTAGGTGGCAAGCGTTGTCCGGATTTATTGGGCGTAAAGCGAACGCAGGCGGGAAGATAAGTCAGCTGTGAAAGCCCCCAGCTTAACTGGGGAACTGCAGCTGAAACTATGTTTCTTGAGTGCAGAAGAGGAGAGTGGAACTCCATGTGTAGCGGTGGAATGCGTAGATATATGGAAGAACACCAGTGGCGAAGGCGGCTCTCTGGTCTGTAACTGACGCTGAGGTTCGAAAGCATGGGTAGCGAACAGGATTAGATACCCTGGTAGTCCATGCCGTAAACGATGAGTGCTAAGTGTTGGGAGGTTTCCGCCTCTCAGTGCTGCAGCTAACGCATTAAGCACTCCGCCTGGGGAGTACGACCGCAAGGTTAAAACTCAAAGGAATTGACGGGGGCCCGCACAAGCGGTGGAGCATGTGGTTTAATTCGAAGCAACGCGAAGAACCTTACCAGGTCTTGACATCTAGTGCCAGTCCTAGAGATAGGATGTTTCCTTCGGGAACACTAAGACAGGTGGTGCATGGCTGTCGTCAGCTCGTGTCGTGAGATGTTGGGTTAAGTCCCGCAACGAGCGCAACCCTTATTATTAGTTGCCAGCATTAAGTTGGGCACTCTAATGAGACTGCCGGTGACAAACCGGAGGAAGGTGGGGACGACGTCAAGTCATCATGCCCCTTATGACCTGGGCTACACACGTGCTACAATGGTTAGTACAACGAGCAGCGAACCTGCAAAGGCAAGCGAATCTCTGAAAGCTAATCTCAGTTCGGATTGCACTCTGCAACTCGAGTGCATGAAGCTGGAATCGCTAGTAATCGCGGATCAGCACGCCGCGGTGAATACGTTCCCGGGCCTTGTACACACCGCCCGTCACACCATGAGAGTCTGTAATGCCCAAAGCCGGTGGGATAACCTGCAAAGGAGTCAGCCGTCTAAGGCAGGACAGATGATTAGGGTG
99,ESL0184,419,1455,GACGAACGCTGGCGGCGTGCCTAATACATGCAAGTCGAGCGAGCAATTTTGACGGAATACTTCGGTAGGAAGTCAGAAGCGCGAGCGGCGGATGGGTGAGTAACACGTGGGCAACCTGCCCTTTAGCTTGGGATACCACTTGGAAACAGGTGCTAATACCAAATAAGCAGCAAGAGCGCATGCTCAAGCTGAGAAAGGCGGCTTTCGAGCTGTCACTAAAGGATGGGCCCGCGGTGCATTAGCTAGTTGGTAAGGTAACGGCCTACCAAGGCGATGATGCATAGCCGAGTTGAGAGACTGACCGGCCACATTGGGACTGAGACACGGCCCAAACTCCTACGGGAGGCAGCAGTAGGGAATCTTCCACAATGGACGCAAGTCTGATGGAGCAACGCCGCGTGAGTGAAGAAGGTTTTCGGATCGTAAAGCTCTGTTGTTGGTGAAGAAGGACAAGGGTAGTAACTGATCTTTGTTTGACGGTAATCAACCAGAAAGTCACGGCTAACTACGTGCCAGCAGCCGCGGTAATACGTAGGTGGCAAGCGTTGTCCGGATTTATTGGGCGTAAAGCGAACGCAGGCGGGAAGATAAGTCAGCTGTGAAAGCCCCCAGCTTAACTGGGGAATTGCAGCTGAAACTATGTTTCTTGAGTGCAGAAGAGGAGAGTGGAACTCCATGTGTAGCGGTGGAATGCGTAGATATATGGAAGAACACCAGTGGCGAAGGCGGCTCTCTGGTCTGTAACTGACGCTGAGGTTCGAAAGCATGGGTAGCGAACAGGATTAGATACCCTGGTAGTCCATGCCGTAAACGATGAGTGCTAAGTGTTGGGAGGTTTCCGCCTCTCAGTGCTGCAGCTAACGCATTAAGCACTCCGCCTGGGGAGTACGACCGCAAGGTTAAAACTCAAAGGAATTGACGGGGGCCCGCACAAGCGGTGGAGCATGTGGTTTAATTCGAAGCAACGCGAAGAACCTTACCAGGTCTTGACATCTAGTGCCAGTCCTAGAGATAGGATGTTTCCTTCGGGAACACTAAGACAGGTGGTGCATGGCTGTCGTCAGCTCGTGTCGTGAGATGTTGGGTTAAGTCCCGCAACGAGCGCAACCCTTATTATTAGTTGCCAGCATTAAGTTGGGCACTCTAATGAGACTGCCGGTGACAAACCGGAGGAAGGTGGGGACGACGTCAAGTCATCATGCCCCTTATGACCTGGGCTACACACGTGCTACAATGGTTAGTACAACGAGCAGCGAACCTGCAAAGGCAAGCGAATCTCTGAAAGCTAATCTCAGTTCGGATTGCACTCTGCAACTCGAGTGCATGAAGCTGGAATCGCTAGTAATCGCGGATCAGCACGCCGCGGTGAATACGTTCCCGGGCCTTGTACACACCGCCCGTCACACCATGAGAGTCTGTAATGCCCAAAGCCGGTGGGATAACCTGCAAAGGAGTCAGCCGTCTAAGGCAGGACAGATGATTAGGGTG
100,ESL0184,300,1455,GACGAACGCTGGCGGCGTGCCTAATACATGCAAGTCGAGCGAGCAATTTTGACGGAATACTTCGGTAGGAAGTCAGAAGCGCGAGCGGCGGATGGGTGAGTAACACGTGGGCAACCTGCCCTTTAGCTTGGGATACCACTTGGAAACAGGTGCTAATACCAAATAAGCAGCAAGAGCGCATGCTCAAGCTGAGAAAGGCGGCTTTCGAGCTGTCACTAAAGGATGGGCCCGCGGTGCATTAGCTAGTTGGTAAGGTAACGGCCTACCAAGGCGATGATGCATAGCCGAGTTGAGAGACTGACCGGCCACATTGGGACTGAGACACGGCCCAAACTCCTACGGGAGGCAGCAGTAGGGAATCTTCCACAATGGACGCAAGTCTGATGGAGCAACGCCGCGTGAGTGAAGAAGGTTTTCGGATCGTAAAGCTCTGTTGTTGGTGAAGAAGGACAAGGAAAGTAACTGATCTTTGTTTGACGGTAATCAACCAGAAAGTCACGGCTAACTACGTGCCAGCAGCCGCGGTAATACGTAGGTGGCAAGCGTTGTCCGGATTTATTGGGCGTAAAGCGAACGCAGGCGGGAAGATAAGTCAGCTGTGAAAGCCCCCAGCTTAACTGGGGAACTGCAGCTGAAACTATGTTTCTTGAGTGCAGAAGAGGAGAGTGGAACTCCATGTGTAGCGGTGGAATGCGTAGATATATGGAAGAACACCAGTGGCGAAGGCGGCTCTCTGGTCTGTAACTGACGCTGAGGTTCGAAAGCATGGGTAGCGAACAGGATTAGATACCCTGGTAGTCCATGCCGTAAACGATGAGTGCTAAGTGTTGGGAGGTTTCCGCCTCTCAGTGCTGCAGCTAACGCATTAAGCACTCCGCCTGGGGAGTACGACCGCAAGGTTAAAACTCAAAGGAATTGACGGGGGCCCGCACAAGCGGTGGAGCATGTGGTTTAATTCGAAGCAACGCGAAGAACCTTACCAGGTCTTGACATCTAGTGCTAGTCCTAGAGATAGGATGTTTCCTTCGGGAACACTAAGACAGGTGGTGCATGGCTGTCGTCAGCTCGTGTCGTGAGATGTTGGGTTAAGTCCCGCAACGAGCGCAACCCTTATTATTAGTTGCCAGCATTAAGTTGGGCACTCTAATGAGACTGCCGGTGACAAACCGGAGGAAGGTGGGGACGACGTCAAGTCATCATGCCCCTTATGACCTGGGCTACACACGTGCTACAATGGTTAGTACAACGAGCAGCGAACCTGCAAAGGCAAGCGAATCTCTGAAAGCTAATCTCAGTTCGGATTGCACTCTGCAACTCGAGTGCATGAAGCTGGAATCGCTAGTAATCGCGGATCAGCACGCCGCGGTGAATACGTTCCCGGGCCTTGTACACACCGCCCGTCACACCATGAGAGTCTGTAATGCCCAAAGCCGGTGGGATAACCTGCAAAGGAGTCAGCCGTCTAAGGCAGGACAGATGATTAGGGTG
101,ESL0184,265,1455,GACGAACGCTGGCGGCGTGCCTAATACATGCAAGTCGAGCGAGCAATTTTGACGGAATACTTCGGTAGGAAGTTAAGAGCGCGAGCGGCGGATGGGTGAGTAACACGTGGGCAACCTGCCCTTTAGCTTGGGATACCACTTGGAAACAGGTGCTAATACCAAATAAGCAGCAAGAGCGCATGCTCAAGCTGAGAAAGGCGGCTTTCGAGCTGTCACTAAAGGATGGGCCCGCGGTGCATTAGCTAGTTGGTAAGGTAACGGCCTACCAAGGCGATGATGCATAGCCGAGTTGAGAGACTGACCGGCCACATTGGGACTGAGACACGGCCCAAACTCCTACGGGAGGCAGCAGTAGGGAATCTTCCACAATGGACGCAAGTCTGATGGAGCAACGCCGCGTGAGTGAAGAAGGTTTTCGGATCGTAAAGCTCTGTTGTTGGTGAAGAAGGACAAGGGTAGTAACTGATCTTTGTTTGACGGTAATCAACCAGAAAGTCACGGCTAACTACGTGCCAGCAGCCGCGGTAATACGTAGGTGGCAAGCGTTGTCCGGATTTATTGGGCGTAAAGCGAACGCAGGCGGGAAGATAAGTCAGCTGTGAAAGCCCCCAGCTTAACTGGGGAATTGCAGCTGAAACTATGTTTCTTGAGTGCAGAAGAGGAGAGTGGAACTCCATGTGTAGCGGTGGAATGCGTAGATATATGGAAGAACACCAGTGGCGAAGGCGGCTCTCTGGTCTGTAACTGACGCTGAGGTTCGAAAGCATGGGTAGCGAACAGGATTAGATACCCTGGTAGTCCATGCCGTAAACGATGAGTGCTAAGTGTTGGGAGGTTTCCGCCTCTCAGTGCTGCAGCTAACGCATTAAGCACTCCGCCTGGGGAGTACGACCGCAAGGTTAAAACTCAAAGGAATTGACGGGGGCCCGCACAAGCGGTGGAGCATGTGGTTTAATTCGAAGCAACGCGAAGAACCTTACCAGGTCTTGACATCTAGTGCCAGTCCTAGAGATAGGATGTTTCCTTCGGGAACACTAAGACAGGTGGTGCATGGCTGTCGTCAGCTCGTGTCGTGAGATGTTGGGTTAAGTCCCGCAACGAGCGCAACCCTTATTATTAGTTGCCAGCATTAAGTTGGGCACTCTAATGAGACTGCCGGTGACAAACCGGAGGAAGGTGGGGACGACGTCAAGTCATCATGCCCCTTATGACCTGGGCTACACACGTGCTACAATGGTTAGTACAACGAGCAGCGAACCTGCAAAGGCAAGCGAATCTCTGAAAGCTAATCTCAGTTCGGATTGCACTCTGCAACTCGAGTGCATGAAGCTGGAATCGCTAGTAATCGCGGATCAGCACGCCGCGGTGAATACGTTCCCGGGCCTTGTACACACCGCCCGTCACACCATGAGAGTCTGTAATGCCCAAAGCCGGTGGGATAACCTGCAAAGGAGTCAGCCGTCTAAGGCAGGACAGATGATTAGGGTG
102,ESL0350,16,42511,AGCGAACGCTGGCGGCATGCTTAACACATGCAAGTCGCACGGACATTTCGGTGTTAGTGGCGGACGGGTGAGTAACGCGTAGGGATCTGTCCATAAGAGGGGGATAACTTTGGGAAACTGGAGCTAATACCGCATGATACCTGAGGGTTAAAGGAGTGATCCGCTTATGGAGGAACCTGCGTTTGATTAGCTGGTTGGTGGGGTAATGGCCTACCAAGGCGATGATCGATAGCTGGTTTGAGAGGATGATCAGCCACACTGGGACTGAGACACGGCCCAGACTCCTACGGGAGGCAGCAGTGGGGAATATTGGACAATGGGGGCAACCCTGATCCAGCAATGCCGCGTGTATGAAGAAGGTCTTCGGATTGTAAAGTACTTTCGGTAGGGACGATGATGACGGTACCTACAGAAGAAGCCCCGGCTAACTTCGTGCCAGCAGCCGCGGTAATACGAAGGGGGCTAGCGTTGCTCGGAATGACTGGGCGTAAAGGGCGCGCAGGCGGTCTGGACAGTCAGATGTGAAATTCCCGGGCTTAACCTGGGGGCTGCATTTGATACGTTCAGACTAGAGTGTGAAAGAGGGTTGTGGAACTCCAAGTGTAGAGGTGAAATTCGTAGATATTTGGAAGAACACCGGTGGCGAAGGCGGCGACCTGGTTCACAACTGACGCTGAGGCGCGAAAGCGTGGGGAGCAAACAGGATTAGATACCCTGGTAGTCCACGCTGTAAACGATGTATGCTAGATGTTAGGCAACCTAGTTGTTTAGTGTCGGAGCTAACGCGATAAGCATACCGCCTGGGGAGTACGGCCGCAAGGTTGAAACTCAAAGGAATTGACGGGGGCCCGCACAAGCGGTGGAGCATGTGGTTTAATTCGAAGCAACGCGCAGAACCTTACCAGGTCTTGACATGTAGACGCTGTATTCAGAGATGAATGCTTCCAGCAATGGACGTCTAACACAGGTGCTGCATGGCTGTCGTCAGCTCGTGTCGTGAGATGTTGGGTTAAGTCCCGCAACGAGCGCAACCCTTGCCTTTAGTTGCCATCACGTTTGGGTGGGCACTCTAGAGGGACTGCCGGTGATAAGCCGGAGGAAGGTAGGGATGACGTCAAGTCCTCATGGCCCTTATGACCTGGGCTACACACGTGCTACAATGGTGGTGACAGAGGGAAGCGAGGCAGTGATGCTGAGCAGATCTTTAAAAGCCATCTCAGTTCAGATTGTACTCTGCAACTCGAGTACATGAAGGCGGAATCGCTAGTAATCGCGGATCAGCATGCCGCGGTGAATACGTTCCCGGGCCTTGTACACACCGCCCGTCACACCATGGGAGTTGGTTTGACCTTAAGCCGGTGAGCGAACCGCAAGGACGCAGCCGACCACGGTCGGGTCAGCGACTGGGGTG
103,ESL0350,17505,42511,GACGAACGCTGGCGGCGTGCCTAATACATGCAAGTCGAGCGAGCAATTTTGACAGAATACTTCGGTAGGAAGTCAGAAGCGCGAGCGGCGGATGGGTGAGTAACACGTGGGCAACCTGCCCTTTAGCTTGGGATACCACTTGGAAACAGGTGCTAATACCAAATAAGCAGCAAGAGCGCATGCTCAAGCTGAGAAAGGCGGCTTTCGAGCTGTCACTAAAGGATGGGCCCGCGGTGCATTAGCTAGTTGGTAAGGTAACGGCCTACCAAGGCGATGATGCATAGCCGAGTTGAGAGACTGACCGGCCACATTGGGACTGAGACACGGCCCAAACTCCTACGGGAGGCAGCAGTAGGGAATCTTCCACAATGGACGCAAGTCTGATGGAGCAACGCCGCGTGAGTGAAGAAGGTTTTCGGATCGTAAAGCTCTGTTGTTGGTGAAGAAGGACAAGGAAAGTAACTGATCTTTGTTTGACGGTAATCAACCAGAAAGTCACGGCTAACTACGTGCCAGCAGCCGCGGTAATACGTAGGTGGCAAGCGTTGTCCGGATTTATTGGGCGTAAAGCGAACGCAGGCGGGAAGATAAGTCAGCTGTGAAAGCCCCCAGCTTAACTGGGGAACTGCAGCTGAAACTATGTTTCTTGAGTGCAGAAGAGGAGAGTGGAACTCCATGTGTAGCGGTGGAATGCGTAGATATATGGAAGAACACCAGTGGCGAAGGCGGCTCTCTGGTCTGTAACTGACGCTGAGGTTCGAAAGCATGGGTAGCGAACAGGATTAGATACCCTGGTAGTCCATGCCGTAAACGATGAGTGCTAAGTGTTGGGAGGTTTCCGCCTCTCAGTGCTGCAGCTAACGCATTAAGCACTCCGCCTGGGGAGTACGACCGCAAGGTTAAAACTCAAAGGAATTGACGGGGGCCCGCACAAGCGGTGGAGCATGTGGTTTAATTCGAAGCAACGCGAAGAACCTTACCAGGTCTTGACATCTAGTGCTAGTCCTAGAGATAGGATGTTTCCTTCGGGAACACTAAGACAGGTGGTGCATGGCTGTCGTCAGCTCGTGTCGTGAGATGTTGGGTTAAGTCCCGCAACGAGCGCAACCCTTATTATTAGTTGCCAGCATTAAGTTGGGCACTCTAATGAGACTGCCGGTGACAAACCGGAGGAAGGTGGGGACGACGTCAAGTCATCATGCCCCTTATGACCTGGGCTACACACGTGCTACAATGGTTAGTACAACGAGCAGCGAACCTGCAAAGGCAAGCGAATCTCTGAAAGCTAATCTCAGTTCGGATTGCACTCTGCAACTCGAGTGCATGAAGCTGGAATCGCTAGTAATCGCGGATCAGCACGCCGCGGTGAATACGTTCCCGGGCCTTGTACACACCGCCCGTCACACCATGAGAGTCTGTAATGCCCAAAGCCGGTGGGATAACCTGCAAAGGAGTCAGCCGTCTAAGGCAGGACAGATGATTAGGGTG
104,ESL0350,9458,42511,GACGAACGCTGGCGGCGTGCCTAATACATGCAAGTCGAGCGAGCAATTTTGACAGAATACTTCGGTAGGAAGTCAGAAGCGCGAGCGGCGGATGGGTGAGTAACACGTGGGCAACCTGCCCTTTAGCTTGGGATACCACTTGGAAACAGGTGCTAATACCAAATAAGCAGCAAGAGCGCATGCTCAAGCAGTAAAAGGCGGCTTTCGAGCTGTCACTAAAGGATGGGCCCGCGGTGCATTAGCTAGTTGGTAAGGTAACGGCCTACCAAGGCGATGATGCATAGCCGAGTTGAGAGACTGACCGGCCACATTGGGACTGAGACACGGCCCAAACTCCTACGGGAGGCAGCAGTAGGGAATCTTCCACAATGGACGCAAGTCTGATGGAGCAACGCCGCGTGAGTGAAGAAGGTTTTCGGATCGTAAAGCTCTGTTGTTGGTGAAGAAGGACAAGGAAAGTAACTGATCTTTGTTTGACGGTAATCAACCAGAAAGTCACGGCTAACTACGTGCCAGCAGCCGCGGTAATACGTAGGTGGCAAGCGTTGTCCGGATTTATTGGGCGTAAAGCGAACGCAGGCGGGAAGATAAGTCAGCTGTGAAAGCCCCCAGCTTAACTGGGGAACTGCAGCTGAAACTATGTTTCTTGAGTGCAGAAGAGGAGAGTGGAACTCCATGTGTAGCGGTGGAATGCGTAGATATATGGAAGAACACCAGTGGCGAAGGCGGCTCTCTGGTCTGTAACTGACGCTGAGGTTCGAAAGCATGGGTAGCGAACAGGATTAGATACCCTGGTAGTCCATGCCGTAAACGATGAGTGCTAAGTGTTGGGAGGTTTCCGCCTCTCAGTGCTGCAGCTAACGCATTAAGCACTCCGCCTGGGGAGTACGACCGCAAGGTTAAAACTCAAAGGAATTGACGGGGGCCCGCACAAGCGGTGGAGCATGTGGTTTAATTCGAAGCAACGCGAAGAACCTTACCAGGTCTTGACATCTAGTGCTAGTCCTAGAGATAGGATGTTTCCTTCGGGAACACTAAGACAGGTGGTGCATGGCTGTCGTCAGCTCGTGTCGTGAGATGTTGGGTTAAGTCCCGCAACGAGCGCAACCCTTATTATTAGTTGCCAGCATTAAGTTGGGCACTCTAATGAGACTGCCGGTGACAAACCGGAGGAAGGTGGGGACGACGTCAAGTCATCATGCCCCTTATGACCTGGGCTACACACGTGCTACAATGGTTAGTACAACGAGCAGCGAACCTGCAAAGGCAAGCGAATCTCTGAAAGCTAATCTCAGTTCGGATTGCACTCTGCAACTCGAGTGCATGAAGCTGGAATCGCTAGTAATCGCGGATCAGCACGCCGCGGTGAATACGTTCCCGGGCCTTGTACACACCGCCCGTCACACCATGAGAGTCTGTAATGCCCAAAGCCGGTGGGATAACCTGCAAAGGAGTCAGCCGTCTAAGGCAGGACAGATGATTAGGGTG
105,ESL0350,8811,42511,GACGAACGCTGGCGGCGTGCCTAATACATGCAAGTCGAGCGAGCAATTTTGACAGAATACTTCGGTAGGAAGTCAGAAGCGCGAGCGGCGGATGGGTGAGTAACACGTGGGCAACCTGCCCTTTAGCTTGGGATACCACTTGGAAACAGGTGCTAATACCAAATAAGCAGCAAGAGCGCATGCTCAAGCTGAGAAAGGCGGCTTTGGAGCTGTCACTAAAGGATGGGCCCGCGGTGCATTAGCTAGTTGGTAAGGTAACGGCCTACCAAGGCGATGATGCATAGCCGAGTTGAGAGACTGACCGGCCACATTGGGACTGAGACACGGCCCAAACTCCTACGGGAGGCAGCAGTAGGGAATCTTCCACAATGGACGCAAGTCTGATGGAGCAACGCCGCGTGAGTGAAGAAGGTTTTCGGATCGTAAAGCTCTGTTGTTGGTGAAGAAGGACAAGGAAAGTAACTGATCTTTGTTTGACGGTAATCAACCAGAAAGTCACGGCTAACTACGTGCCAGCAGCCGCGGTAATACGTAGGTGGCAAGCGTTGTCCGGATTTATTGGGCGTAAAGCGAACGCAGGCGGGAAGATAAGTCAGCTGTGAAAGCCCCCAGCTTAACTGGGGAACTGCAGCTGAAACTATGTTTCTTGAGTGCAGAAGAGGAGAGTGGAACTCCATGTGTAGCGGTGGAATGCGTAGATATATGGAAGAACACCAGTGGCGAAGGCGGCTCTCTGGTCTGTAACTGACGCTGAGGTTCGAAAGCATGGGTAGCGAACAGGATTAGATACCCTGGTAGTCCATGCCGTAAACGATGAGTGCTAAGTGTTGGGAGGTTTCCGCCTCTCAGTGCTGCAGCTAACGCATTAAGCACTCCGCCTGGGGAGTACGACCGCAAGGTTAAAACTCAAAGGAATTGACGGGGGCCCGCACAAGCGGTGGAGCATGTGGTTTAATTCGAAGCAACGCGAAGAACCTTACCAGGTCTTGACATCTAGTGCTAGTCCTAGAGATAGGATGTTTCCTTCGGGAACACTAAGACAGGTGGTGCATGGCTGTCGTCAGCTCGTGTCGTGAGATGTTGGGTTAAGTCCCGCAACGAGCGCAACCCTTATTATTAGTTGCCAGCATTAAGTTGGGCACTCTAATGAGACTGCCGGTGACAAACCGGAGGAAGGTGGGGACGACGTCAAGTCATCATGCCCCTTATGACCTGGGCTACACACGTGCTACAATGGTTAGTACAACGAGCAGCGAACCTGCAAAGGCAAGCGAATCTCTGAAAGCTAATCTCAGTTCGGATTGCACTCTGCAACTCGAGTGCATGAAGCTGGAATCGCTAGTAATCGCGGATCAGCACGCCGCGGTGAATACGTTCCCGGGCCTTGTACACACCGCCCGTCACACCATGAGAGTCTGTAATGCCCAAAGCCGGTGGGATAACCTGCAAAGGAGTCAGCCGTCTAAGGCAGGACAGATGATTAGGGTG
106,ESL0350,6408,42511,GACGAACGCTGGCGGCGTGCCTAATACATGCAAGTCGAGCGAGCAATTTTGACAGAATACTTCGGTAGGAAGTCAGAAGCGCGAGCGGCGGATGGGTGAGTAACACGTGGGCAACCTGCCCTTTAGCTTGGGATACCACTTGGAAACAGGTGCTAATACCAAATAAGCAGCAAGAGCGCATGCTCAAGCTGAGAAAGGCGGCTTTCGAGCTGTCACTAAAGGATGGGCCCGCGGTGCATTAGCTAGTTGGTAAGGTAACGGCCTACCAAGGCGATGATGCATAGCCGAGTTGAGAGACTGACCGGCCACATTGGGACTGAGACACGGCCCAAACTCCTACGGGAGGCAGCAGTAGGGAATCTTCCACAATGGACGCAAGTCTGATGGAGCAACGCCGCGTGAGTGAAGAAGGTTTTCGGATCGTAAAGCTCTGTTGTTGGTGAAGAAGGACAAGGAAAGTAACTGATCTTTGTTTGACGGTAATCAACCAGAAAGTCACGGCTAACTACGTGCCAGCAGCCGCGGTAATACGTAGGTGGCAAGCGTTGTCCGGATTTATTGGGCGTAAAGCGAACGCAGGCGGGAAGATAAGTCAGCTGTGAAAGCCCCCAGCTTAACTGGGGAACTGCAGCTGAAACTATGTTTCTTGAGTGCAGAAGAGGAGAGTGGAACTCCATGTGTAGCGGTGGAATGCGTAGATATATGGAAGAACACCAGTGGCGAAGGCGGCTCTCTGGTCTGTAACTGACGCTGAGGTTCGAAAGCATGGGTAGCGAACAGGATTAGATACCCTGGTAGTCCATGCCGTAAACGATGAGTGCTAAGTGTTGGGAGGTTTCCGCCTCTCAGTGCTGCAGCTAACGCATTAAGCACTCCGCCTGGGGAGTACGACCGCAAGGTTAAAACTCAAAGGAATTGACGGGGGCCCGCACAAGCGGTGGAGCATGTGGTTTAATTCGAAGCAACGCGAAGAACCTTACCAGGTCTTGACATCTAGTGCTAGTCCTAGAGATAGGATGTTTCTTTCGGGAACACTAAGACAGGTGGTGCATGGCTGTCGTCAGCTCGTGTCGTGAGATGTTGGGTTAAGTCCCGCAACGAGCGCAACCCTTATTATTAGTTGCCAGCATTAAGTTGGGCACTCTAATGAGACTGCCGGTGACAAACCGGAGGAAGGTGGGGACGACGTCAAGTCATCATGCCCCTTATGACCTGGGCTACACACGTGCTACAATGGTTAGTACAACGAGCAGCGAACCTGCAAAGGCAAGCGAATCTCTGAAAGCTAATCTCAGTTCGGATTGCACTCTGCAACTCGAGTGCATGAAGCTGGAATCGCTAGTAATCGCGGATCAGCACGCCGCGGTGAATACGTTCCCGGGCCTTGTACACACCGCCCGTCACACCATGAGAGTCTGTAATGCCCAAAGCCGGTGGGATAACCTGCAAAGGAGTCAGCCGTCTAAGGCAGGACAGATGATTAGGGTG
107,ESL0350,182,42511,GACGAACGCTGGCGGCGTGCCTAATACATGCAAGTCGAGCGAGCAATTTTGACAGAATACTTCGGTAGGAAGTCAGAAGCGCGAGCGGCGGATGGGTGAGTAACACGTGGGCAACCTGCCCTTTAGCTTGGGATACCACTTGGAAACAGGTGCTAATACCAAATAAGCAGCAAGAGCGCATGCTCAAGCTGATAAAGGCGGCTTTCGAGCTGTCACTAAAGGATGGGCCCGCGGTGCATTAGCTAGTTGGTAAGGTAACGGCCTACCAAGGCGATGATGCATAGCCGAGTTGAGAGACTGACCGGCCACATTGGGACTGAGACACGGCCCAAACTCCTACGGGAGGCAGCAGTAGGGAATCTTCCACAATGGACGCAAGTCTGATGGAGCAACGCCGCGTGAGTGAAGAAGGTTTTCGGATCGTAAAGCTCTGTTGTTGGTGAAGAAGGACAAGGAAAGTAACTGATCTTTGTTTGACGGTAATCAACCAGAAAGTCACGGCTAACTACGTGCCAGCAGCCGCGGTAATACGTAGGTGGCAAGCGTTGTCCGGATTTATTGGGCGTAAAGCGAACGCAGGCGGGAAGATAAGTCAGCTGTGAAAGCCCCCAGCTTAACTGGGGAACTGCAGCTGAAACTATGTTTCTTGAGTGCAGAAGAGGAGAGTGGAACTCCATGTGTAGCGGTGGAATGCGTAGATATATGGAAGAACACCAGTGGCGAAGGCGGCTCTCTGGTCTGTAACTGACGCTGAGGTTCGAAAGCATGGGTAGCGAACAGGATTAGATACCCTGGTAGTCCATGCCGTAAACGATGAGTGCTAAGTGTTGGGAGGTTTCCGCCTCTCAGTGCTGCAGCTAACGCATTAAGCACTCCGCCTGGGGAGTACGACCGCAAGGTTAAAACTCAAAGGAATTGACGGGGGCCCGCACAAGCGGTGGAGCATGTGGTTTAATTCGAAGCAACGCGAAGAACCTTACCAGGTCTTGACATCTAGTGCTAGTCCTAGAGATAGGATGTTTCCTTCGGGAACACTAAGACAGGTGGTGCATGGCTGTCGTCAGCTCGTGTCGTGAGATGTTGGGTTAAGTCCCGCAACGAGCGCAACCCTTATTATTAGTTGCCAGCATTAAGTTGGGCACTCTAATGAGACTGCCGGTGACAAACCGGAGGAAGGTGGGGACGACGTCAAGTCATCATGCCCCTTATGACCTGGGCTACACACGTGCTACAATGGTTAGTACAACGAGCAGCGAACCTGCAAAGGCAAGCGAATCTCTGAAAGCTAATCTCAGTTCGGATTGCACTCTGCAACTCGAGTGCATGAAGCTGGAATCGCTAGTAATCGCGGATCAGCACGCCGCGGTGAATACGTTCCCGGGCCTTGTACACACCGCCCGTCACACCATGAGAGTCTGTAATGCCCAAAGCCGGTGGGATAACCTGCAAAGGAGTCAGCCGTCTAAGGCAGGACAGATGATTAGGGTG
108,ESL0350,124,42511,GACGAACGCTGGCGGCGTGCCTAATACATGCAAGTCGAGCGAGCAATTTTGACAGAATACTTCGGTAGGAAGTCAGAAGCGCGAGCGGCGGATGGGTGAGTAACACGTGGGCAACCTGCCCTTTAGCTTGGGATACCACTTGGAAACAGGTGCTAATACCAAATAAGCAGCAAGAGCGCATGCTCAAGCAGATAAAGGCGGCTTTCGAGCTGTCACTAAAGGATGGGCCCGCGGTGCATTAGCTAGTTGGTAAGGTAACGGCCTACCAAGGCGATGATGCATAGCCGAGTTGAGAGACTGACCGGCCACATTGGGACTGAGACACGGCCCAAACTCCTACGGGAGGCAGCAGTAGGGAATCTTCCACAATGGACGCAAGTCTGATGGAGCAACGCCGCGTGAGTGAAGAAGGTTTTCGGATCGTAAAGCTCTGTTGTTGGTGAAGAAGGACAAGGAAAGTAACTGATCTTTGTTTGACGGTAATCAACCAGAAAGTCACGGCTAACTACGTGCCAGCAGCCGCGGTAATACGTAGGTGGCAAGCGTTGTCCGGATTTATTGGGCGTAAAGCGAACGCAGGCGGGAAGATAAGTCAGCTGTGAAAGCCCCCAGCTTAACTGGGGAACTGCAGCTGAAACTATGTTTCTTGAGTGCAGAAGAGGAGAGTGGAACTCCATGTGTAGCGGTGGAATGCGTAGATATATGGAAGAACACCAGTGGCGAAGGCGGCTCTCTGGTCTGTAACTGACGCTGAGGTTCGAAAGCATGGGTAGCGAACAGGATTAGATACCCTGGTAGTCCATGCCGTAAACGATGAGTGCTAAGTGTTGGGAGGTTTCCGCCTCTCAGTGCTGCAGCTAACGCATTAAGCACTCCGCCTGGGGAGTACGACCGCAAGGTTAAAACTCAAAGGAATTGACGGGGGCCCGCACAAGCGGTGGAGCATGTGGTTTAATTCGAAGCAACGCGAAGAACCTTACCAGGTCTTGACATCTAGTGCTAGTCCTAGAGATAGGATGTTTCCTTCGGGAACACTAAGACAGGTGGTGCATGGCTGTCGTCAGCTCGTGTCGTGAGATGTTGGGTTAAGTCCCGCAACGAGCGCAACCCTTATTATTAGTTGCCAGCATTAAGTTGGGCACTCTAATGAGACTGCCGGTGACAAACCGGAGGAAGGTGGGGACGACGTCAAGTCATCATGCCCCTTATGACCTGGGCTACACACGTGCTACAATGGTTAGTACAACGAGCAGCGAACCTGCAAAGGCAAGCGAATCTCTGAAAGCTAATCTCAGTTCGGATTGCACTCTGCAACTCGAGTGCATGAAGCTGGAATCGCTAGTAATCGCGGATCAGCACGCCGCGGTGAATACGTTCCCGGGCCTTGTACACACCGCCCGTCACACCATGAGAGTCTGTAATGCCCAAAGCCGGTGGGATAACCTGCAAAGGAGTCAGCCGTCTAAGGCAGGACAGATGATTAGGGTG
109,ESL0261,18177,23352,GACGAACGCTGGCGGCGTGCCTAATACATGCAAGTCGAGCGAGCAATCTTAACGGAATACTTCGGTAGGAAGTCAAGAGCGCGAGCGGCGGATGGGTGAGTAACACGTGGGCAACCTGCCCTATAGCTTGGGATACCACTTGGAAACAGGTGCTAATACCAAATAAGCAGCAAGAGCGCATGCTCAAGCTGGGAAAGGCGGCTTTAAAGCTGTCACTACAGGATGGGCCCGCGGTGCATTAGCTAGTTGGCAAGGTAACGGCCTACCAAGGCGATGATGCATAGCCGAGTTGAGAGACTGACCGGCCACATTGGGACTGAGACACGGCCCAAACTCCTACGGGAGGCAGCAGTAGGGAATCTTCCACAATGGACGCAAGTCTGATGGAGCAACGCCGCGTGAGTGAAGAAGGTTTTCGGATCGTAAAGCTCTGTTGTTGGTGAAGAAGGACAGGGAAAGCAACTGGTCCCTGTTTGACGGTAATCAACCAGAAAGTCACGGCTAACTACGTGCCAGCAGCCGCGGTAATACGTAGGTGGCAAGCGTTGTCCGGATTTATTGGGCGTAAAGCGAACGCAGGCGGGAGAATAAGTCAGCTGTGAAAGCCCTCAGCTTAACTGGGGAACTGCAGCTGAAACTATTTTTCTTGAGTGCAGAAGAGGAGAGTGGAACTCCATGTGTAGCGGTGGAATGCGTAGATATATGGAAGAACACCAGTGGCGAAGGCGGCTCTCTGGTCTGTAACTGACGCTGAGGTTCGAAAGCATGGGTAGCGAACAGGATTAGATACCCTGGTAGTCCATGCCGTAAACGATGAGTGCTAAGTGTTGGGAGGTTTCCGCCTCTCAGTGCTGCAGCTAACGCATTAAGCACTCCGCCTGGGGAGTACGACCGCAAGGTTAAAACTCAAAGGAATTGACGGGGGCCCGCACAAGCGGTGGAGCATGTGGTTTAATTCGAAGCAACGCGAAGAACCTTACCAGGTCTTGACATCTAGCGCCAGTCCTAGAGATAGGATGTTTCCTTCGGGAACGCTAAGACAGGTGGTGCATGGCTGTCGTCAGCTCGTGTCGTGAGATGTTGGGTTAAGTCCCGCAACGAGCGCAACCCTTATTATTAGTTGCCAGCATTAAGTTGGGCACTCTAATGAGACTGCCGGTGACAAACCGGAGGAAGGTGGGGACGACGTCAAGTCATCATGCCCCTTATGACCTGGGCTACACACGTGCTACAATGGTTAGTACAACGAGCAGCGAACCTGCAAAGGCAAGCGAATCTCTGAAAGCTAATCTCAGTTCGGATTGCACTCTGCAACTCGAGTGCATGAAGCTGGAATCGCTAGTAATCGCGGATCAGCACGCCGCGGTGAATACGTTCCCGGGCCTTGTACACACCGCCCGTCACACCATGAGAGTCTGTAATGCCCAAAGCCGGTAGGATAACCTGCAAAGGAGTCAGCCGTCTAAGGCAGGACAGATGATTAGGGTG
110,ESL0261,5169,23352,GACGAACGCTGGCGGCGTGCCTAATACATGCAAGTCGAGCGAGCAATCTTAACAGAATACTTCGGTAGGAAGTCAAGAGCGCGAGCGGCGGATGGGTGAGTAACACGTGGGCAACCTGCCCTATAGCTTGGGATACCACTTGGAAACAGGTGCTAATACCAAATAAGCAGCAAGAGCGCATGCTCAAGCTGAGAAAGGCGGCTTTAAAGCTGTCACTAAAGGATGGGCCCGCGGTGCATTAGCTAGTTGGCAAGGTAACGGCCTACCAAGGCGATGATGCATAGCCGAGTTGAGAGACTGACCGGCCACATTGGGACTGAGACACGGCCCAAACTCCTACGGGAGGCAGCAGTAGGGAATCTTCCACAATGGACGCAAGTCTGATGGAGCAACGCCGCGTGAGTGAAGAAGGTTTTCGGATCGTAAAGCTCTGTTGTTGGTGAAGAAGGACAGGGATAGCAACTGATTCTTGTTTGACGGTAATCAACCAGAAAGTCACGGCTAACTACGTGCCAGCAGCCGCGGTAATACGTAGGTGGCAAGCGTTGTCCGGATTTATTGGGCGTAAAGCGAACGCAGGCGGGAGAATAAGTCAGCTGTGAAAGCCCTCAGCTTAACTGGGGAACTGCAGCTGAAACTATTTTTCTTGAGTGCAGAAGAGGAGAGTGGAACTCCATGTGTAGCGGTGGAATGCGTAGATATATGGAAGAACACCAGTGGCGAAGGCGGCTCTCTGGTCTGTAACTGACGCTGAGGTTCGAAAGCATGGGTAGCGAACAGGATTAGATACCCTGGTAGTCCATGCCGTAAACGATGAGTGCTAAGTGTTGGGAGGTTTCCGCCTCTCAGTGCTGCAGCTAACGCATTAAGCACTCCGCCTGGGGAGTACGACCGCAAGGTTAAAACTCAAAGGAATTGACGGGGGCCCGCACAAGCGGTGGAGCATGTGGTTTAATTCGAAGCAACGCGAAGAACCTTACCAGGTCTTGACATCTAGCGCCAGTCCTAGAGATAGGATGTTTCCTTCGGGAACGCTAAGACAGGTGGTGCATGGCTGTCGTCAGCTCGTGTCGTGAGATGTTGGGTTAAGTCCCGCAACGAGCGCAACCCTTATTATTAGTTGCCAGCATTAAGTTGGGCACTCTAATGAGACTGCCGGTGACAAACCGGAGGAAGGTGGGGACGACGTCAAGTCATCATGCCCCTTATGACCTGGGCTACACACGTGCTACAATGGTTAGTACAACGAGCAGCGAACCTGCAAAGGCAAGCGAATCTCTGAAAGCTAATCTCAGTTCGGATTGCACTCTGCAACTCGAGTGCATGAAGCTGGAATCGCTAGTAATCGCGGATCAGCACGCCGCGGTGAATACGTTCCCGGGCCTTGTACACACCGCCCGTCACACCATGAGAGTCTGTAATGCCCAAAGCCGGTAGGATAACCTGCAAAGGAGTCAGCCGTCTAAGGCAGGACAGATGATTAGGGTG
